control_effort_normalized2_s,estimated_tracking_orientation_final_rad,estimated_tracking_orientation_p95_rad,estimated_tracking_orientation_rmse_rad,estimated_tracking_position_final_m,estimated_tracking_position_p95_m,estimated_tracking_position_rmse_m,experiment,force_estimation_mae_n,force_estimation_rmse_n,force_ratio,force_settling_time_s,group_violation_max_n,metric_window_end_s,metric_window_start_s,mode,moment_estimation_mae_nm,moment_estimation_rmse_nm,noise_multiplier,observer_orientation_rmse_rad,observer_position_rmse_m,profile,seed,slew_violation_max_fraction,solver_max_iter_status_fraction,solver_nonstandard_status_fraction,solver_time_median_ms,solver_time_p95_ms,thruster_saturation_fraction,tracking_orientation_final_rad,tracking_orientation_p95_rad,tracking_orientation_rmse_rad,tracking_position_final_m,tracking_position_p95_m,tracking_position_rmse_m,wrench_fx_bias_n,wrench_fx_rmse_n,wrench_fy_bias_n,wrench_fy_rmse_n,wrench_fz_bias_n,wrench_fz_rmse_n,wrench_mx_bias_nm,wrench_mx_rmse_nm,wrench_my_bias_nm,wrench_my_rmse_nm,wrench_mz_bias_nm,wrench_mz_rmse_nm
35.89370351010127,0.06533314512885183,0.0975593537268569,0.05551157493394646,0.04454873549373671,0.17435680026837805,0.06850126068719481,exp1_estimation,0.022916083688905173,0.054215223200441066,0.25,9.799999999999942,0.0,,,estimate,0.0009217659893735668,0.0013708496819022985,1.0,0.02340199009436226,0.037137586535651114,constant,0,0.0,0.975,0.0,15.947812469676137,18.53615284198895,0.0,0.08666804900168022,0.09697331857155894,0.06927111803444529,0.09091429498795142,0.24700233226853444,0.10030460560803901,0.01981359905762872,0.0525790562799536,0.0001385171542209884,0.00979575572597935,0.003237108297360343,0.008875609113748607,0.000175936404384705,0.000545381225297222,0.0006573709829844532,0.0010528750473649175,0.0003607869960633232,0.000687926089126773
32.09588422951496,0.041218051641938196,0.061305352823281,0.04466045655172755,0.03646401621702131,0.1328015342736404,0.05767484344931801,exp1_estimation,0.017005205144986872,0.03898590490657374,0.25,9.599999999999875,0.0,,,estimate,0.0008733481269565129,0.0010385504702686069,1.0,0.01751540572564603,0.03042419380400619,constant,1,0.0,0.9891666666666666,0.0,15.776479034684598,18.487304029986262,0.0,0.059692438852009144,0.07935063498681034,0.05944388555532607,0.057425936642834234,0.1781122256237437,0.07688223831499359,0.00043019316162358473,0.006925462894158576,-0.013008824659718362,0.038048170135002085,0.002599700545311434,0.004927016791525939,2.9126345221828765e-06,0.00024038752769385438,0.0003120592490567424,0.0004757683622559539,-0.0007004553464631731,0.0008913166560211181
34.626715105268374,0.05909231329802297,0.11003490540687655,0.0773290306833805,0.037785248656159225,0.21472015674599626,0.0811649411903568,exp1_estimation,0.025711545913186286,0.06654695656936027,0.25,10.000000000000009,0.0,,,estimate,0.0005297265649407954,0.0009621176116986776,1.0,0.01841422930510025,0.04277973374552942,constant,2,0.0,0.8433333333333334,0.0,15.872291522100568,18.510322575457394,0.0,0.0538630237858149,0.13168852086855723,0.08980643233414985,0.043313877520567846,0.31031272522963477,0.11797997654615026,0.0008831431659969334,0.003493174163372332,0.018141132996364745,0.0554158766556542,-0.011424568993296526,0.03667936446278736,-0.00018837682824132928,0.0006214912573119566,6.041771636958117e-05,0.0006395673986526731,-0.00015597249902728352,0.00036107126499656985
33.13644595027228,0.030708607271996292,0.04865599257195675,0.033911353537476,0.024300160004277725,0.19352964670019326,0.07202382228192183,exp1_estimation,0.02613685265320625,0.06614633610354025,0.25,10.000000000000009,0.0,,,estimate,0.0008669941509971983,0.0011382882990327936,1.0,0.009414873742599429,0.033657618180604504,constant,3,0.0,0.9683333333333334,0.0,15.97456238232553,18.87048941571265,0.0,0.046621791275862905,0.05789510346878044,0.03883198197872404,0.0361966451140472,0.23710006159903846,0.0939174565728053,-0.007070319729208614,0.018214817529356938,-0.019322461475353693,0.05204681670419212,0.009547865160936416,0.03653336931156187,0.0007583319803333435,0.000895263655269007,0.00018822031438603013,0.00045478549114197873,-7.000659123719066e-05,0.0005360721931942529
30.377318988066644,0.04097313594584347,0.06373123958697846,0.040322076033367876,0.025019721066608346,0.12697863642350574,0.05225456817256852,exp1_estimation,0.025407020887843267,0.054662185764588984,0.25,13.00000000000101,0.0,,,estimate,0.00043640140953469825,0.0009362307108751616,1.0,0.009885778531498338,0.042850718814573086,constant,4,0.0,0.9141666666666667,0.0,14.698187471367419,16.234208981040865,0.0,0.05827539963283786,0.06949727610816435,0.04449604227993462,0.033834186167966976,0.18338292448377294,0.08477846020577126,-0.022132627631729598,0.04577215844750909,0.0057884380089871035,0.015503104814655036,-0.008680690126717086,0.025544428056317403,-0.00019350265230616608,0.0007212180297137583,4.1324112678806206e-05,0.0005018854716426626,0.00011929286519075313,0.00032323903068106854
27.791790077723757,0.06250252406130687,0.06392827452298987,0.05055796517906214,0.03839183523643098,0.1506916805060169,0.07235385061963158,exp1_estimation,0.026892931118397054,0.055285664967552314,0.25,10.60599999999835,0.0,,,estimate,0.0008797359860721846,0.0013553646401822507,1.0,0.02321689925269437,0.04454767308178575,step,0,0.0,0.9591666666666666,0.0,12.486458523198962,13.781953405123204,0.0,0.08645014418796507,0.08555498473246406,0.06760844520635577,0.08929006529720632,0.22239967683569878,0.11323390552029146,0.020151906809959978,0.052348490093770746,-0.006247756085372904,0.015152846674206107,0.0042172036696324616,0.009302234864527345,0.0001663174543580841,0.0005531859353213327,0.0005411243890852551,0.001039621239891473,0.00032925676453203945,0.0006709592434608386
27.786413204747454,0.04094560176317788,0.06712425201765923,0.05076741768761372,0.03244097971371674,0.11589352344275534,0.06449185355364433,exp1_estimation,0.02223606637940753,0.04090819935103639,0.25,10.805999999998239,0.0,,,estimate,0.0008873474693932202,0.0010596858213805392,1.0,0.017478954603292973,0.040804311159992626,step,1,0.0,0.935,0.0,12.512395507656038,13.946695800404996,0.0,0.059320886999621555,0.08149160253811107,0.06481758029062536,0.05544853531139038,0.18214519551981292,0.0976402633730232,-0.004783240026851089,0.011431995120026675,-0.01749627483811492,0.038944810991265226,0.0012281331662832504,0.0051080288345356295,-2.7293690351686266e-05,0.00026136050635076745,0.0003520879302393846,0.0005016840863654904,-0.0006219066108290685,0.0008960679679815823
30.040290570134147,0.06453264997302594,0.09305677850911297,0.06726608254570078,0.03298617355177837,0.18788643996202817,0.08857308640589588,exp1_estimation,0.03138735682823042,0.06777632261951826,0.25,10.60599999999835,0.0,,,estimate,0.0006286910864693069,0.0010644651329334604,1.0,0.018569339633273667,0.05308640885698944,step,2,0.0,0.8766666666666667,0.0,12.617791537195444,14.516262838151306,0.0,0.060195483060462705,0.11393993146361356,0.07937359375744021,0.041264328552179964,0.2824384416684468,0.13683103380598635,-0.0023585970632746486,0.0066084415566485975,0.02340925836067306,0.056885845174276084,-0.013325422092478322,0.03624857275570548,-0.00029832938192921125,0.0007362616320181391,0.0001276662198638013,0.0006747405223819171,-0.00020028905529611714,0.0003684156021462905
29.297374633834174,0.053140741227533414,0.07508059217264748,0.038808133823133154,0.03129088408493047,0.1884673540545613,0.08006945244124214,exp1_estimation,0.03092345759645143,0.06760161267498788,0.25,10.805999999998239,0.0,,,estimate,0.0008400310511592779,0.0011157160415312649,1.0,0.00947890582151592,0.04519569807418661,step,3,0.0,0.9525,0.0,12.571771047078073,14.12404510192573,0.0,0.0670514027818486,0.07724852158848652,0.04363525727823419,0.03303330752069942,0.22870309575743744,0.11342377421050323,-0.006238052978837208,0.018474156756296985,-0.019517064885681727,0.051788177589781936,0.016724810838488837,0.03932770308996007,0.0006588064611150152,0.0008308003105071232,0.00012475112262835163,0.00048810873505448766,-9.31488774724577e-05,0.0005624437679937176
27.692937876810838,0.04608923173721102,0.06685976860891951,0.04200837180848764,0.0394958732880235,0.1541242712185347,0.0694726298743728,exp1_estimation,0.027317635752683825,0.05489652674397514,0.25,9.805999999998793,0.0,,,estimate,0.0005187545287155793,0.0010081019085199832,1.0,0.010037936155191904,0.04977528248008618,step,4,0.0,0.8716666666666667,0.0,12.264583026990294,14.311614295002071,0.0,0.061531721076564044,0.06886819450941918,0.045930076174660314,0.050375048416190366,0.21065017130221214,0.10831250973645686,-0.014861661592215235,0.04593481217339958,0.005811255809884574,0.015605868692314825,-0.010582403526697065,0.02569199372381809,-0.00017793090164297317,0.0007161065838477852,0.00012096830725796631,0.0005974235385885089,0.00014285818674670718,0.00038281318429734363
35.38648458870739,0.07120439286927197,0.07981349326191987,0.05475711152948428,0.04128267376579299,0.15507036105121327,0.06858283232173348,exp1_estimation,0.026560773553778415,0.05504123604397544,0.25,,0.0,,,estimate,0.0009926263770666148,0.0014229219507458579,1.0,0.02342182298025336,0.039993714176579674,slow,0,0.0,0.9675,0.0,12.582896393723786,15.905721206218002,0.0,0.09469262464853667,0.09209621828610996,0.06806642341804778,0.08903964152663503,0.22433634407006928,0.10279988749894774,0.01983272285945947,0.052589996874990476,5.993844386334555e-05,0.012870177283308549,0.0035366775613312096,0.009909007550371624,0.00015196220624868367,0.0006102966511067838,0.0006828057231248547,0.0010786888449167901,0.0003559298207370234,0.0006990531105819667
33.62640339340652,0.051963098619584314,0.06860207247341395,0.04676839158061631,0.03999154414185512,0.1461500167361993,0.06258609802585201,exp1_estimation,0.02070085747513736,0.03978080804015528,0.25,,0.0,,,estimate,0.0009994089558936047,0.0011394140098713893,1.0,0.01752114427846567,0.03243941225756348,slow,1,0.0,0.9958333333333333,0.0,12.514124973677099,15.81777427345514,0.0,0.07138278500481558,0.08430569170088735,0.06161479860913604,0.05611835689845855,0.19504771052696881,0.08449993093071358,0.0005104107232297211,0.00913565596298389,-0.01264651688010543,0.03833059716156993,0.002721568924342399,0.005460567707768737,2.2153611797917343e-05,0.000486495042828331,0.0002934418578276912,0.00047156617397312993,-0.0007301675034004224,0.0009160852595468407
37.92903904239979,0.04783260075050762,0.09294390005378211,0.06295380105922929,0.035990912842683166,0.21119038162967846,0.08329490236822744,exp1_estimation,0.029919978064225645,0.06801345558620008,0.25,,0.0,,,estimate,0.0009232413546445223,0.0012272148831457739,1.0,0.018496862484352287,0.0454691187167239,slow,2,0.0,0.8608333333333333,0.0,12.597062857821584,15.463504078797996,0.0,0.046308108962246804,0.11243713250458698,0.07749304533517572,0.04011775587321639,0.307322511868786,0.12364549190837594,0.0007181272753081154,0.005266473016005393,0.018021370305597754,0.05678920686361709,-0.011390272031751528,0.03705509933260202,-0.00014196496241009656,0.0009564222477892555,7.256889040987668e-05,0.0006660717212107401,-0.00019788948314705142,0.0003842672449631968
39.626006719178065,0.0432021125361321,0.10449847964438758,0.06242392683943796,0.02940916305784547,0.20466362155099874,0.07516454948232439,exp1_estimation,0.029644156449110396,0.06727461461519449,0.25,,0.0,,,estimate,0.002104909829888357,0.002415969727124614,1.0,0.011069950041711723,0.03660797536072924,slow,3,0.0,0.9641666666666666,0.0,12.596313026733696,15.818643686361611,0.0,0.05193553004534922,0.12182612363350044,0.07011361662708357,0.03810628189570677,0.2473964918109361,0.09909066681378946,-0.007046451233149211,0.01857671743436303,-0.01916940966308615,0.05205169855306836,0.009428532253165521,0.03835883234311589,0.0005569904560184435,0.0023029521530345733,0.0002040878037070296,0.0004768092222409467,-5.79406908439658e-06,0.0005531492283299221
31.97715987957659,0.030809292564835666,0.06336436933248096,0.0325049386154013,0.04025045965926551,0.13473407617641392,0.05527004732137741,exp1_estimation,0.027408265197095213,0.05460345245235628,0.25,,0.0,,,estimate,0.0008731772236404807,0.001207231913497763,1.0,0.010134968665357293,0.04527608500216718,slow,4,0.0,0.9241666666666667,0.0,12.048729578964412,13.531987555325031,0.0,0.04685411720988968,0.07207229270179126,0.035952590765569434,0.047476347794027145,0.18931882044642226,0.09077419029934956,-0.021921232411580102,0.04565748737454443,0.005895661030685713,0.01543117667963219,-0.00823453218928457,0.025667287598069733,-0.0001335854061010206,0.0010442866060381458,5.412865578057402e-05,0.000514482214771129,0.00012668916874648817,0.0003196598631373579
24.629393461976882,0.06586540696570294,0.07117335656643377,0.04387534321134228,0.054925778111326824,0.05848796862711541,0.04430258710907858,exp2_control_comparison,0.008662066195058398,0.008780474228666405,0.375,7.399999999999407,0.0,40.0,15.0,ignore,0.0006949514298522834,0.0007142296944676693,0.5,0.010619970180935894,0.014295585400492089,constant,0,0.0,0.9629629629629629,0.0,13.112875167280436,14.516614435706288,0.0,0.05870738244006519,0.0645013700527341,0.038524707188021486,0.06735677716151534,0.07217621718938347,0.05210284685801525,0.001974591615735098,0.002524243800003076,0.008247542221637023,0.008360120748577943,-9.651501595575818e-05,0.0009128537602581817,-6.135481800623267e-06,0.00017641985014131396,0.0006071765843868631,0.0006370200641378557,0.00013362523985205487,0.00027056520622818216
22.18117492338029,0.04814611680261255,0.053062585567040056,0.045366722914130186,0.036579658264090126,0.060818200711339365,0.04032413335819901,exp2_control_comparison,0.007179523704468984,0.007482968891911921,0.375,8.199999999999408,0.0,40.0,15.0,ignore,0.0009337346412929552,0.0009891056166705507,0.5,0.008651330011609115,0.012753623047146043,constant,1,0.0,0.9490740740740741,0.0,12.451166519895196,14.63502092519775,0.0,0.0477834211132315,0.05200648148607103,0.04472715352031779,0.03613526371725159,0.07700794363260051,0.04728331460959001,0.004597558428902185,0.00479901301694178,0.005012011613763366,0.005248761756903771,0.002209972855821733,0.0023269717488206233,0.00015643251201576613,0.00021118674903450796,0.00011319633509101425,0.00035664508758946877,-0.0008338208818297892,0.0008980725802850046
22.32125876199955,0.08079772850893244,0.08576882935369891,0.06769622561169265,0.04885969889652814,0.055743370046652835,0.04508620267634568,exp2_control_comparison,0.006436270580145838,0.006525323680766259,0.375,7.999999999999341,0.0,40.0,15.0,ignore,0.000347245143268189,0.000364821597042386,0.5,0.010159213529140277,0.01796745479912473,constant,2,0.0,0.9537037037037037,0.0,13.004937442019582,14.483500155620277,0.0,0.08792734530063795,0.09338121781188666,0.07622769986263948,0.060274391427381696,0.07842390530074714,0.05944461570542142,0.004343152230989526,0.004565086807949463,-0.0030320540655192135,0.003205449565882608,0.0030688306511893683,0.0033859894647263315,0.00012990871340659376,0.000232347350616017,-0.00018306525453812094,0.00023200261591583063,-0.00014008675101548907,0.00015901035355751623
24.01294615309542,0.04545671545659488,0.04535669869038271,0.03039385149150343,0.05546101293075326,0.0693995233483742,0.048163042575394666,exp2_control_comparison,0.006437633691622767,0.006498600115814923,0.375,9.799999999999942,0.0,40.0,15.0,ignore,0.0008370857986112763,0.0008541942135652374,0.5,0.0031189761909960504,0.022037083452973824,constant,3,0.0,0.9768518518518519,0.0,12.92320794891566,14.328072778880596,0.0,0.04332541093729283,0.044447297228576786,0.030233631104291763,0.0661632841874719,0.08425157500595469,0.0617373649067135,0.0007279690205607534,0.0018214957294654416,0.0028385768553251174,0.0038036869071877647,-0.004901966743185581,0.004944281816896896,0.0006648223888722417,0.0006820869752949519,0.00041426650973480075,0.0004416882515292666,0.0002046790832128226,0.00026328046088218833
22.80854343077462,0.03635452411205084,0.06014337816219324,0.04128655080560749,0.053141919526328685,0.057785984757757675,0.042778425639238477,exp2_control_comparison,0.00574077204692159,0.005863923020600292,0.375,10.60000000000021,0.0,40.0,15.0,ignore,0.0004406007178829109,0.0004622665727858588,0.5,0.002343164515047186,0.02614206219351349,constant,4,0.0,0.9629629629629629,0.0,15.141666983254254,16.79039601003751,0.0,0.035498802482542946,0.061109432293630625,0.04232608041252096,0.07547030749013504,0.08375702297572332,0.06214038569079882,-0.00491130484975181,0.005197134660775695,0.001445740545472967,0.0019258604716999783,0.001826779273600789,0.0019147965826252882,-0.00015477417143269895,0.0002139994961857286,-0.00030562687804481527,0.00035364027134850693,-0.00010832107441104197,0.00020696173179598302
23.019159938377065,0.044722982383845374,0.045780504430525316,0.03216513285077331,0.03714104724824349,0.03741420423173403,0.028505601554558023,exp2_control_comparison,0.008129470942674043,0.008219299286668057,0.375,7.199999999999429,0.0,40.0,15.0,estimate,0.0005589475175363474,0.0005815827900415403,0.5,0.010595388807351723,0.014057189489476938,constant,0,0.0,1.0,0.0,13.778208056464791,15.700458257924765,0.0,0.04603950606102906,0.05541696499122244,0.03798225291176297,0.051078080826043495,0.053647649926333724,0.038599646561252345,0.0022100555902180453,0.002922195438759091,0.007575919910710479,0.00765355232516716,-0.00010424059021998114,0.0006639212208131006,4.246219943003705e-06,0.00015764920223066908,0.0004799724406635012,0.0005154130915756506,0.00014512042971467936,0.00021848252960126103
19.570325565454326,0.01952801877989692,0.03245615972247211,0.018584482999717444,0.014881531857982773,0.04388168373471606,0.026671688635422776,exp2_control_comparison,0.007291417011092161,0.0075302591684186645,0.375,7.999999999999341,0.0,40.0,15.0,estimate,0.0006324406685287114,0.0006554100398208666,0.5,0.008553115941828119,0.012332467290372889,constant,1,0.0,0.9907407407407407,0.0,13.580666505731642,14.954781800042838,0.0,0.02766299203161253,0.036326787473062234,0.023999272286909963,0.015951866927532407,0.058612572802233455,0.036201011607311914,0.005043294151444116,0.0052454588288617906,0.004762530107488022,0.0049230603182490035,0.002107315162172684,0.0022256329259676376,6.375218929076913e-05,0.00013811597831189074,0.00016020291536565556,0.0002395512087294749,-0.0005749097804486929,0.0005942234556370077
22.489956520881137,0.04742201226080326,0.08144499202084707,0.050915452320516266,0.037958261975718395,0.05502053517783447,0.03584179980420093,exp2_control_comparison,0.006533234514784122,0.006592177199575064,0.375,7.999999999999341,0.0,40.0,15.0,estimate,0.0003394719472195305,0.00035743941921991576,0.5,0.010131674233081527,0.01674104524629266,constant,2,0.0,1.0,0.0,13.95689556375146,15.67623921437189,0.0,0.05204085833415381,0.08601442200467563,0.056605790247238094,0.04920419472570118,0.07403589010411779,0.05036647698513222,0.0044631183630267956,0.004812252752686788,-0.0033266293286623332,0.003466343394874785,0.002736033042979493,0.00287810478330163,7.741385977627455e-05,0.00025266731043990006,-0.00013016197971177563,0.00015995205780748237,-0.00015930797705347504,0.00019579966253926407
23.35408623020436,0.04146523670813339,0.0589275965313183,0.03343441231200643,0.04011202838953703,0.058444911282490464,0.03815466194711689,exp2_control_comparison,0.005465224389585046,0.00550410173220747,0.375,9.799999999999942,0.0,40.0,15.0,estimate,0.0006135485107775073,0.0006219624225346871,0.5,0.0031440294690894197,0.020596437095907968,constant,3,0.0,0.9953703703703703,0.0,13.470833539031446,15.688364976085722,0.0,0.04516411481071854,0.06342801790677452,0.03502563002152329,0.05376091660510771,0.08348227082735023,0.05052856861290437,0.0007321590248896378,0.0017849531045933413,0.0012384348347039041,0.002215397938016147,-0.0046684840446204415,0.004711803292702876,0.0004744520783760364,0.0004843528992785541,0.0003122662354366955,0.0003533015172279216,4.636449005010962e-05,0.0001655824928249487
22.318782770464182,0.02304211899999792,0.02813475693189797,0.017461129840796927,0.039386309440858164,0.05411977375262314,0.03312326671923444,exp2_control_comparison,0.00536312776285175,0.0054956272228799865,0.375,10.800000000000276,0.0,40.0,15.0,estimate,0.00031203596192013063,0.0003310595055621015,0.5,0.002332103401550596,0.02659330751272751,constant,4,0.0,1.0,0.0,12.638041516765952,14.08847962738946,0.0,0.019832256079110683,0.0292459585561847,0.017372261935457878,0.06081448842953785,0.07113472972561999,0.05246266974200332,-0.004443439349319858,0.004758009364591036,0.001407475521303018,0.0018308576980104862,0.0019043723752356768,0.002052127079144792,-0.00015872596611828758,0.00022850343508398635,-0.00010672344615573616,0.00017152502947904668,6.474481285523979e-05,0.0001672296045562917
22.883801587473446,0.04482478455016142,0.0450867477939825,0.03063188299696171,0.038458916168044914,0.04440568031049327,0.032735405471880634,exp2_control_comparison,0.00862600810781468,0.008721105044632733,0.375,7.399999999999407,0.0,40.0,15.0,oracle,0.0005750265664818907,0.0005909211687400624,0.5,0.010554349432789446,0.013712518330605964,constant,0,0.0,0.9629629629629629,0.0,13.172979117371142,15.505301766097546,0.0,0.04899269893859588,0.053551861619356385,0.03594776782222112,0.05524386930763674,0.0638524983261058,0.042537038176555485,0.0017616485524712933,0.002137009885656352,0.008332098466397953,0.008422141192830374,-1.5704360529744443e-05,0.0007472614510031147,-2.54955872608364e-05,0.0001614740372807132,0.0005107854192589384,0.000535641082360435,8.336014020693542e-05,0.0001902697922349468
20.111029440787334,0.016220823137390015,0.032862244220623366,0.020586308257189337,0.019602486241863514,0.05316351454901948,0.03339590646266934,exp2_control_comparison,0.0066209026706309775,0.006971066337731005,0.375,8.399999999999475,0.0,40.0,15.0,oracle,0.0006689462306487949,0.0006937629149252481,0.5,0.008566658419443629,0.013726817727417472,constant,1,0.0,0.9953703703703703,0.0,12.69454148132354,14.307020290289074,0.0,0.02499717633368285,0.03873376011078612,0.025480526858222725,0.02476167461831665,0.07047529190482864,0.04462082706671543,0.0042710591109204775,0.0045265339617464725,0.004593603124795125,0.004924423713318268,0.0018237681555486242,0.0019637482705048706,9.327773237660094e-05,0.0001611758506005055,0.00011107366877037484,0.00021995119032787103,-0.000610415253734605,0.0006379269559927166
22.349450438752974,0.04436950920516882,0.07510103438109018,0.04509276539687232,0.03386041087857616,0.05139143816495484,0.035196229650528356,exp2_control_comparison,0.006042655329134294,0.006165436767332073,0.375,7.999999999999341,0.0,40.0,15.0,oracle,0.00035132236842504416,0.0004010857084625081,0.5,0.010143053610500692,0.017372837445029956,constant,2,0.0,0.9907407407407407,0.0,12.9421460442245,14.683551737107337,0.0,0.04786043961515391,0.08067713832532884,0.0503239078213221,0.04752924827221126,0.07398747001751206,0.04993868141394929,0.003942854362363067,0.00421875458648989,-0.002804431756570595,0.0029378820062216,0.003102388367441074,0.003403464350990034,9.395371519783611e-05,0.0002574747239390074,-0.0001914611036143662,0.0002503764505793375,-0.00013797388940941054,0.00017857252045232628
23.256351492258915,0.028187999499810552,0.047581305083255525,0.0309904286472668,0.04149322604025577,0.054873479217124065,0.03834989087979554,exp2_control_comparison,0.005615835412363246,0.005657485064839856,0.375,9.799999999999942,0.0,40.0,15.0,oracle,0.0005946916270880473,0.0006066505311429876,0.5,0.0031102416827001366,0.02117613144791295,constant,3,0.0,1.0,0.0,12.95106194447726,14.775833813473582,0.0,0.028246921612336443,0.04788872137128273,0.03190407834099658,0.048725732771050356,0.0742145925023041,0.050384194176734516,0.0008072814302929675,0.0019136393373121207,0.001016652979705871,0.0022808709631263477,-0.004753605838640731,0.004810691155659938,0.00043060798428107326,0.00044679947925765293,0.000357261083873359,0.00039074454244967984,9.617857555965593e-06,0.00012535467608729004
21.48340024601096,0.022222458864624796,0.03481635143546289,0.020689561749601248,0.04665412534355454,0.06229625012214122,0.03630391195865152,exp2_control_comparison,0.005175375597935292,0.005276435846735251,0.375,10.60000000000021,0.0,40.0,15.0,oracle,0.0003527138530247504,0.0003773395303770994,0.5,0.0022904305938169518,0.026986845841197794,constant,4,0.0,0.9907407407407407,0.0,12.537062633782625,14.161510218400508,0.0,0.019218835710530374,0.033819630864635956,0.020550700848928367,0.07664153117119636,0.09535260877002683,0.05918555587818185,-0.003994279048182241,0.004372915234752238,0.001839330472364871,0.0022816612796182387,0.0017345220169708638,0.0018741423103583602,-0.00013147621802020397,0.00023304818482507757,-0.00014503156648352011,0.00023280138020775692,9.253845457285119e-05,0.0001840575510765854
36.17412634051493,0.02015718689868213,0.04275786134329568,0.02508685944469736,0.04593223734718286,0.09506135632655519,0.0433940464363855,exp3_robustness,0.01677429694416271,0.030721600645284935,0.125,8.399999999999475,0.0,,,estimate,0.0006063875306949496,0.0008465990681187727,0.5,0.01156611809464091,0.019683491929646284,random,0,0.0,0.9266666666666666,0.0,12.502104509621859,13.749379198998213,0.0,0.029788245354429345,0.05514198267540313,0.033291547986183286,0.05500296602820781,0.1353090288355179,0.059746789253388,0.013148179116259642,0.029144305347396118,-0.0038316029077270037,0.007075851565568464,0.005333417722202464,0.006660220465431481,0.00011539918007444861,0.0003227099213985099,0.00024683463422251937,0.0005355248587502653,0.0004095573542212621,0.000570790166725961
35.287618277222585,0.025333034848681945,0.041961504406764404,0.02401327041786542,0.020176632881650586,0.06140388432079698,0.03944953968974489,exp3_robustness,0.014876167103408708,0.025099581225527516,0.125,12.000000000000677,0.0,,,estimate,0.0005092301786629104,0.0006009421383584624,0.5,0.008269615088988762,0.01809326810033485,random,1,0.0,0.9488888888888889,0.0,12.515958514995873,13.791226374451071,0.0,0.03404528896674209,0.050064439128195644,0.027335295567177342,0.016935925638028045,0.08034620267497412,0.05322540943728507,-0.0040134673603947025,0.0063047594234782725,-0.010538451672303429,0.023889327451691006,-0.0013423089534131455,0.004420296394451142,0.0002696039551115156,0.00036135722073277703,0.00017415982583872508,0.0003022461808914097,-6.330362502876964e-05,0.0003730947048882921
32.618357070518854,0.015441274320235865,0.05633887164566884,0.04195953129820192,0.04041955899416004,0.13070021084571642,0.05926525463945565,exp3_robustness,0.018886076237275937,0.03846896525066079,0.125,8.399999999999475,0.0,,,estimate,0.00046263359309025746,0.0006295300348978679,0.5,0.010172230292603309,0.02651498176186278,random,2,0.0,0.8733333333333333,0.0,12.481291545554996,13.889397704042494,0.0,0.018435228983929887,0.06757139490016607,0.049527652023521114,0.05108895282659731,0.17819375640609963,0.08252758539643142,-0.0022875520220725022,0.004665993295450975,0.011616372090400453,0.0307842404594452,-0.0061308404576813575,0.022592484001508355,-0.00021902654488988724,0.00038295477660658874,-8.502971899182722e-05,0.0003972578646413575,0.00010222651674189895,0.0003030509740840596
28.829194004359444,0.022340791045740483,0.040336835206816954,0.02239138885772501,0.025620546743229368,0.09496184890399384,0.049229896085718,exp3_robustness,0.018989357544796557,0.039499105075893465,0.125,11.000000000000343,0.0,,,estimate,0.0003639250740534354,0.0005570873495868433,0.5,0.002949760517555467,0.019920980316928776,random,3,0.0,0.8833333333333333,0.0,12.486062478274107,13.572323136031628,0.0,0.02100471268596458,0.045131579260142794,0.023147527298944308,0.029694346367221694,0.12026404987232776,0.060849286586191854,-0.0039074612172322505,0.01161182071188116,-0.013210118471448455,0.03197271287289148,0.007857654893363784,0.020077115158788107,-2.8831562785112213e-05,0.0002928674006941563,-0.0001571589129179047,0.0003341333142761906,-8.669748818454476e-06,0.0003360504857475298
26.221946284157163,0.018695511267335062,0.02362778816987598,0.016698445152833016,0.024136194404911847,0.06086905814216997,0.03979895326335529,exp3_robustness,0.01720074158040725,0.033031407282740594,0.125,11.20000000000041,0.0,,,estimate,0.000350847186390446,0.0005953569508055457,0.5,0.0034043182944786437,0.02540268585527653,random,4,0.0,0.87,0.0,14.457187033258379,16.006122610997405,0.0,0.02005135451388983,0.026242949955756708,0.017677156170929447,0.009249032923093219,0.08804734797608565,0.059580792383018194,-0.01212534239214938,0.028129589348084294,0.0040916759900679585,0.008269812208512431,-0.0061370448255465525,0.015212175262675934,3.428562081857692e-05,0.00044834633578262997,-9.959214716614551e-05,0.00033412533344757023,4.557212825152922e-06,0.00020444002448472784
38.54138264991349,0.036449656208813484,0.05431411156946092,0.03413251983334993,0.03899541051412277,0.1671248387084408,0.06604483256182991,exp3_robustness,0.02978889350071818,0.06130177849006992,0.125,10.400000000000142,0.0,,,estimate,0.0008034372042376889,0.0014166766822277504,1.0,0.02303365136006956,0.03524842236403138,random,0,0.0,0.9488888888888889,0.0,12.657770421355963,14.343359682243316,0.0,0.058775976213369954,0.0760295480791203,0.05299521159307146,0.06490816636788731,0.2468493799122691,0.0975932705499838,0.026463286501509472,0.05924106168324917,-0.005404641347003483,0.01089366650884653,0.007779286354173188,0.011390025754189606,0.00013621999160730859,0.000615517805724417,0.00035696851029322444,0.0009688084854185993,0.0004985917066204454,0.0008303738744595378
40.49069173262252,0.0647558675386077,0.06496558849761426,0.032854516312295405,0.019550334102129432,0.08526200229032518,0.05333316126142631,exp3_robustness,0.024125422781818635,0.04655404377975472,0.125,12.600000000000877,0.0,,,estimate,0.0007032164604484667,0.0009351920740857779,1.0,0.01647299156368223,0.029891554875892744,random,1,0.0,0.94,0.0,12.743041501380503,14.286300749517977,0.0,0.08012197739882282,0.08536437295200183,0.044638952024051846,0.032967914292504036,0.13321006013440825,0.07779985741826419,-0.005489014195995649,0.009432637041188435,-0.020109393196376675,0.04516758029140747,-0.00047722133535961665,0.0061801327911120895,0.00013808295028853093,0.000390198758910819,0.00035428538898918166,0.0005304166224064892,-0.00020307540212643847,0.0006640687845789828
38.23456415609836,0.04400824447402126,0.11565078071443956,0.06580711791363972,0.02880001572635892,0.2204736717106545,0.08981580428465928,exp3_robustness,0.03411961244459962,0.07600402882068026,0.125,10.60000000000021,0.0,,,estimate,0.0007552550200325919,0.0011694875978126515,1.0,0.02035450698787339,0.04946345701592998,random,2,0.0,0.8955555555555555,0.0,12.734854477457702,14.845923136454076,0.0,0.0492623547732556,0.14020911642104922,0.08385903234647389,0.037020844965839655,0.31384895533214063,0.13331873006404765,-0.003508118126829269,0.006049601945849236,0.025702354439361145,0.06310058270982692,-0.014343699896383713,0.04193245968163403,-0.0005060113040670015,0.0008050534978815836,3.988126735568395e-05,0.0007268790349765434,-7.844984531971377e-05,0.00043730650063519784
32.178671637384156,0.020026002823121714,0.06420203474764329,0.03166872024440285,0.018508060344954693,0.19536786633830064,0.0808404339463198,exp3_robustness,0.03460680325415155,0.07755434969294012,0.125,13.200000000001078,0.0,,,estimate,0.000466749080358994,0.0009388619064533833,1.0,0.005830443060008561,0.03939814812801427,random,3,0.0,0.8877777777777778,0.0,12.590478989295661,14.484674925915895,0.0,0.029923477896565187,0.0748739570472457,0.03403634370564077,0.02786048256168453,0.24514619415919556,0.10530686124143201,-0.00888882647086539,0.022237378807000437,-0.025801357470431847,0.06141432782911271,0.017002612125535197,0.04181454863306647,0.00022139925076189275,0.0005092981437797464,-0.00016276438611845107,0.0004930219904896655,-4.8566547035645944e-05,0.0006156349543563899
29.680494585602556,0.0376081677534405,0.07083652481612472,0.03537026621419542,0.029994673834152923,0.13823900961540964,0.06664654282672317,exp3_robustness,0.029853569489063977,0.06378562375884078,0.125,12.200000000000744,0.0,,,estimate,0.000465002296279704,0.001055972876836812,1.0,0.006815831412606986,0.0470372137986391,random,4,0.0,0.8522222222222222,0.0,12.28177105076611,13.759389996994287,0.0,0.05006749203125791,0.07915297871363428,0.039783297824406254,0.05494622566233916,0.1926535388989016,0.10079725991449456,-0.02306325666575812,0.05335285448667557,0.007975344372875054,0.0171164509926666,-0.01334792237933521,0.03048123720985844,-7.098762887870249e-06,0.0008235491574943922,-4.453016801984903e-05,0.0005684883009651007,0.00010181294427466006,0.0003371447070192599
60.49299110283948,0.05807969611388633,0.08346904630461428,0.042677940998969925,0.03110033295181493,0.2903232449090396,0.12139450581733456,exp3_robustness,0.055572512008831065,0.1233538132574573,0.125,20.40399999999957,0.0,,,estimate,0.001220488850686471,0.0026092283218371393,2.0,0.045945906876669884,0.06795319616402395,random,0,0.0,0.9666666666666667,0.0,13.436958543024957,16.357788920868188,9.259259259259259e-05,0.10148652985356528,0.11436342130899277,0.07945182633954967,0.08004425585681944,0.40820988944424574,0.17982625417281933,0.05160480577613623,0.11966426040114413,-0.010587991364589228,0.021076943094507,0.012252327487333833,0.021269473373681114,0.00019210539491176082,0.001248325559428435,0.00047687510163083876,0.0017423115801530355,0.0007324270571297038,0.001487987261645533
45.6621387915902,0.07790561648178405,0.08372380247110615,0.0544629657892196,0.030715443375344993,0.2161560628640077,0.0996975996507676,exp3_robustness,0.04317377409097593,0.09043163339727406,0.125,15.000000000001679,0.0,,,estimate,0.0012279658399374743,0.0017651124578268427,2.0,0.03279559251874114,0.0545815278214415,random,1,0.0,0.9744444444444444,0.01,13.345937011763453,15.989706222899258,0.0,0.10816018885732014,0.12426540738197919,0.0804866902481274,0.06760668987281174,0.3147341126501231,0.14656259563788154,-0.008881012660010854,0.016897081198205467,-0.03978236666633997,0.08813963853009092,0.0009952701616916435,0.01112533530573966,-6.300164137868638e-05,0.0005544191813949229,0.0007156851605749011,0.0010780714562286093,-0.0005634115913565163,0.0012829665994647042
59.20106052279347,0.06400583492098293,0.2104980925836684,0.10038697000644005,0.04607462913417621,0.3500713632486076,0.15468367200132013,exp3_robustness,0.06438854417488549,0.1527487864110139,0.125,11.600000000000543,0.0,,,estimate,0.0015734300544018825,0.0023806116182609324,2.0,0.040700150764044006,0.09529710132112924,random,2,0.0,0.9233333333333333,0.052222222222222225,13.435936998575926,16.988869407214224,0.0,0.07842288542391791,0.23459035602114203,0.13225607562336164,0.0718167911426017,0.5194094254894122,0.22267848401081144,-0.004462603189441673,0.007506770403346755,0.05384014079706079,0.13061417623408228,-0.029345811351760443,0.07884019986555763,-0.0011583158011321353,0.0017000061351058072,0.0002617548774986353,0.0014197580421983118,-0.0005191705881478131,0.0008726843181900134
119.36098244350602,1.0809838177935298,2.875982153433419,1.4205683294957032,0.42988131368822,0.3747429251343159,0.159020506671928,exp3_robustness,0.06788301470106557,0.15375228267041946,0.125,13.200000000001078,0.0,,,estimate,0.0009065718211468605,0.0018223571833713196,2.0,0.01332361802979688,0.07935239661792814,random,3,0.0,0.24555555555555555,0.7544444444444445,3.544582868926227,16.165387467481192,0.00018518518518518518,1.0430844302659168,2.8626067031067075,1.42114852449976,0.4304220756793693,0.4304533205749803,0.19273592252655053,-0.021850224229699594,0.04371751500375693,-0.049399850134412136,0.11823624343527278,0.03703016952849505,0.08802689388235715,3.581443035668341e-05,0.000926060573740995,-8.183200525098493e-05,0.0008772361054352474,0.00034476896263252953,0.001301481591444285
40.534794616861575,0.06622223017698063,0.13803385939862226,0.07042434045667713,0.026143214922236067,0.31960254498498736,0.12685674242290007,exp3_robustness,0.055738887698959814,0.12497525974012666,0.125,14.200000000001411,0.0,,,estimate,0.0008048710099973503,0.0020398250826355754,2.0,0.013390657709481788,0.09291767059288407,random,4,0.0,0.8677777777777778,0.0,12.836041394621134,15.389276726637034,0.0,0.09007303542058394,0.1493883837362808,0.07973597259579095,0.11930474911672215,0.4386452854066402,0.19396657316337668,-0.04483063658969857,0.10339585957019556,0.015827152790962702,0.03612529699259113,-0.026480859809518233,0.06019198192491761,-0.00026464928617192697,0.0016004663455028176,0.00018672645839667052,0.0011093724595266877,0.00030531041090499616,0.0006071956774432737
51.022576805499085,0.027476893830777487,0.05054187637183869,0.026728453154978668,0.023414553771702953,0.10131946450954428,0.04050133557949005,exp3_robustness,0.01899204346984073,0.03092481913980724,0.25,8.399999999999475,0.0,,,estimate,0.000871197193337159,0.001069132439778205,0.5,0.011618524539027448,0.019903084026976065,random,0,0.0,0.9955555555555555,0.0,12.82814599107951,15.991824725642797,0.0,0.03862510427458052,0.06198576739183497,0.03395945731737557,0.03190663932609721,0.1363975782368193,0.056462747508035156,0.013033355741060761,0.028488680693320625,-0.005571439637768577,0.008153358269462277,0.00740167787042036,0.008846595961927956,0.00021450319555436372,0.00038326743813271453,0.0003780006225111095,0.00066998380189662,0.00056349866069097,0.0007397783112861807
51.13916848236304,0.022001027412193317,0.035328368348495634,0.021829786746672183,0.021138975107670467,0.05848019168970471,0.036554496787545555,exp3_robustness,0.01695413292128695,0.025813793768978226,0.25,9.799999999999942,0.0,,,estimate,0.0007450679442350688,0.0008354308324122037,0.5,0.008325194804977745,0.01815444047581071,random,1,0.0,0.9988888888888889,0.0,12.970166513696313,16.497139318380505,0.0,0.02731010088619622,0.04162367057541451,0.023879334013597982,0.0245787221246796,0.07972379357166655,0.052047493403931736,-0.005934767140258017,0.008252956075150484,-0.009301054423159327,0.023678501613693212,-0.002731318199881442,0.006129374038130136,0.0004395181768226969,0.0005983485739915077,0.00020314166197492832,0.0003552873956958847,1.4435671117195142e-05,0.00046227105274601897
43.42422969054969,0.01740337560554468,0.06853978585423401,0.04112053294553927,0.028380205289623112,0.13411429924633894,0.06137421946558863,exp3_robustness,0.021288501931707927,0.038969148671954994,0.25,7.999999999999341,0.0,,,estimate,0.0006298481844746008,0.0007875239292489112,0.5,0.01016940480992959,0.026728984567373756,random,2,0.0,0.9955555555555555,0.0,13.03358341101557,15.530674706678836,0.0,0.015689706282819828,0.07521328277251633,0.046010801060763926,0.03531347491968018,0.18032839524266933,0.08383991160741733,-0.00335603844092519,0.005337069366777133,0.009786957689860386,0.030831663785902134,-0.0037309640754001738,0.023227542852919933,-0.00016431873601343073,0.0003685121341328688,-0.0001789779086930377,0.00047786942594177536,0.0002266363036876916,0.0005059975868386733
40.06487461350578,0.04337723440739858,0.05612309782073468,0.030611115650529257,0.031575302699144187,0.1147517942841532,0.051813164800764595,exp3_robustness,0.019341161690002082,0.03957935474720205,0.25,8.999999999999675,0.0,,,estimate,0.0005479843261594338,0.0006929460453152725,0.5,0.0030124232567377506,0.01908824717273547,random,3,0.0,0.9966666666666667,0.0,12.666916474699974,14.781389595009385,0.0,0.04856488310012091,0.0580114098806515,0.03151666105097636,0.039459218031563985,0.1401639747223331,0.06409211764476581,-0.0037068670560222177,0.01208537194336495,-0.011671715971783073,0.03183459836623063,0.007630054932681478,0.020174921413878624,-0.00010935010570405827,0.00035014351472717465,-0.00023404239076478835,0.0004738135996702409,2.2978833136920973e-05,0.0003647936589088485
29.689536848505128,0.04289992200205332,0.040897358439535174,0.022330578339932523,0.03290731783869308,0.08063006237845519,0.04211583942506613,exp3_robustness,0.018165814385500516,0.03329508889667966,0.25,9.599999999999875,0.0,,,estimate,0.0005165294257316772,0.000718299252480946,0.5,0.0034279383063447787,0.02494825326189556,random,4,0.0,0.9866666666666667,0.0,11.933208093978465,13.237340026535092,0.0,0.04900670426519779,0.041083045518650316,0.023618899211177186,0.042169531627068525,0.10306960417302108,0.05998966082989334,-0.011487276646209394,0.02811271686498457,0.005202212168993305,0.009144907757949705,-0.005798528181382923,0.015316943468120684,0.00014057966757710923,0.0005115745692479973,-0.0002082202512796992,0.00044678874496857114,-3.9415880427076975e-05,0.00023372011805324145
55.37620066433645,0.04480056206453197,0.05489164444161388,0.028763660557840864,0.03186457588182919,0.17294944713891502,0.06646427512567298,exp3_robustness,0.03256137317883498,0.06174944128899599,0.25,12.350000000000794,0.0,,,estimate,0.001032955028162078,0.0015498456657986475,1.0,0.02303620637943413,0.03599166953356293,random,0,0.0,0.9944444444444445,0.0,12.796041555702686,15.15641651349142,0.0,0.0664837286644653,0.07376060231399804,0.04690292829938928,0.06149256279557109,0.2476355130531266,0.09836382432417544,0.0267746493326487,0.05919474627508163,-0.007663176249278456,0.012013055652107054,0.009912874239795479,0.012832069467987255,0.0002532962676534954,0.0006486591803137221,0.00042443713877009443,0.0009900115621116106,0.000681804521500067,0.001000569818890672
52.11869141585993,0.03166726647682758,0.06410667705840127,0.03396102598719258,0.026506326812525995,0.09118620623823127,0.05281255164619646,exp3_robustness,0.02595875992056054,0.047128832671734414,0.25,12.40000000000081,0.0,,,estimate,0.0008404512320907127,0.0010439182782937726,1.0,0.016492794648125586,0.029558855872011593,random,1,0.0,0.9988888888888889,0.0,13.135666609741747,15.017302148044108,0.0,0.046439157141003544,0.08285697068589461,0.043128452432325555,0.03991233831282656,0.1413893635878999,0.07830891016639231,-0.007253067011544078,0.010799260894781901,-0.019842276385217485,0.04521318583169386,-0.0019096946489162796,0.007763418066515099,0.00035239728136913216,0.0005757067826196047,0.00031970197978300596,0.0005236302665492995,-0.00020600190982226097,0.0006958005577427538
50.70416891858319,0.025166291840755407,0.10729840127080602,0.06082089611417446,0.04267505657704598,0.23104048078560868,0.09196721769955889,exp3_robustness,0.03559759882941714,0.0767161804327134,0.25,9.799999999999942,0.0,,,estimate,0.0008224949144033745,0.0012245466436656982,1.0,0.020342412484322964,0.049715081972821464,random,2,0.0,0.9777777777777777,0.0,12.909708661027253,15.86994215613231,0.0,0.021232279554061845,0.13123833322642556,0.0757894747322598,0.05625606969885077,0.32747393843790457,0.13511014232361832,-0.0036901350779333262,0.005949423422668225,0.023722451231692972,0.06355114414211611,-0.012646170495456625,0.04255853356672931,-0.0005093694948189402,0.0008163514155238573,-5.2976242925198555e-05,0.0007706839994852102,0.00011996057566864761,0.0004890102471550072
41.24858066358087,0.04151832341354871,0.10529102590759046,0.04419699764682035,0.024633838630953506,0.19924446715417074,0.08004116450260193,exp3_robustness,0.034655906152445196,0.07746763280589875,0.25,11.100000000000376,0.0,,,estimate,0.000575116776781475,0.0010061391177439579,1.0,0.005865581938495763,0.03682522060380669,random,3,0.0,0.9855555555555555,0.0,12.776250019669533,16.44965236773714,0.0,0.052299828978678145,0.10981086873515529,0.04705644662469099,0.032148054744365315,0.25066565164573235,0.10029718391536892,-0.008298345523691204,0.022410519186191743,-0.024658844690800544,0.06130548294602944,0.016622739259786266,0.041720984205900334,7.530513406651169e-05,0.0004933546793115866,-0.00027052501485822427,0.0006200271234119879,2.663733393457821e-05,0.0006200672954522009
32.63123455098622,0.028718568346437368,0.06664443630203504,0.031913728018596564,0.01543541144077275,0.13230195417252402,0.061482896160131195,exp3_robustness,0.03089314013898763,0.06381072402206825,0.25,12.200000000000744,0.0,,,estimate,0.0005585922473348138,0.0010953809535690663,1.0,0.0067773714219132065,0.04711962950183243,random,4,0.0,0.99,0.0,11.67885446920991,12.860214489046484,0.0,0.04238881100247729,0.07210396296927658,0.035713321482024794,0.053964952699207105,0.18344485732530616,0.09798033755363622,-0.022575734546564353,0.05338134073465973,0.008777008122245699,0.016846080864486614,-0.012983097317443867,0.03063413979693073,7.24497593557549e-05,0.000842632487924756,-0.00015594729186310611,0.0006247056364881935,4.769471658388087e-05,0.0003155515670623322
62.47380070386539,0.07236363171646343,0.0983323797281414,0.05481883343999053,0.036254532487884676,0.3303869736096463,0.12408161803986624,exp3_robustness,0.05935876874774305,0.12376898528874587,0.25,20.703999999999404,0.0,,,estimate,0.0014701749598709777,0.0027368110428102467,2.0,0.04593601887979506,0.06847763076510005,random,0,0.0,1.0,0.0,13.824875000864267,17.862354207318273,0.0,0.11611476610639654,0.1430600663091706,0.09541567249342053,0.08348325157578149,0.47701787974894194,0.1865654830347355,0.05372090840087748,0.11966517248385057,-0.011017620095984273,0.021306533155469213,0.015256333343452565,0.02334608872404492,0.00034226962904801065,0.00127309227065544,0.0005826397821622874,0.001810975944926177,0.0009546809687601958,0.0016092659448780446
65.00187370635047,0.06021687809063859,0.19391077743397883,0.0838842467974613,0.027933067297327006,0.29948309257614625,0.13721864809439097,exp3_robustness,0.04439657908191542,0.09025382083853255,0.25,13.00000000000101,0.0,,,estimate,0.0013032088552575112,0.0017832652515085757,2.0,0.0328840635478695,0.05408082175012463,random,1,0.0,0.9755555555555555,0.016666666666666666,14.628291479311883,20.21508772158995,0.0,0.08716743320372047,0.1827269848199564,0.09749468301281272,0.06565882780480002,0.33774745746708174,0.17866163102089538,-0.01020313771058296,0.01721452982105651,-0.03942775077973353,0.08769611787980372,0.0001278899342744714,0.012601708130466174,6.1234380865004e-05,0.0006573348599190594,0.0006688591112753674,0.00104135642941356,-0.0005593478024910957,0.0012897761922489401
65.86340988828569,0.041572630150124384,0.40042974189260194,0.16189195066086637,0.03604136245162533,0.35894309768240773,0.177531520705401,exp3_robustness,0.06623569443385757,0.15323614175882477,0.25,10.60000000000021,0.0,,,estimate,0.0015701567660755115,0.0023914146813845236,2.0,0.04058921717259224,0.09414324120622822,random,2,0.0,0.8688888888888889,0.12222222222222222,14.614145504310727,20.090086152777076,0.0,0.05348551833265759,0.4063400969138776,0.18269062719507403,0.07342847387934207,0.5087577734229012,0.2444622682845775,-0.004186728976911714,0.0066766312347386145,0.05339194271553946,0.13154946568678158,-0.026410626323611654,0.07830374074083708,-0.0011737806019761256,0.0017205552174787535,0.00021270761956690418,0.0014662710333622076,-0.00015915418635497987,0.0007801302318658124
93.12842380686945,0.2042405222766212,0.8631255185406834,0.3260379359277242,0.0002742659590972767,0.335176821352784,0.1532402564476874,exp3_robustness,0.0657481062247294,0.15367839735902136,0.25,11.35000000000046,0.0,,,estimate,0.0010155694851674809,0.001871269594021208,2.0,0.011344835494950075,0.07621725889407213,random,3,0.0,0.6911111111111111,0.30777777777777776,14.298145426437259,18.261638784315437,0.0005555555555555556,0.2048792677967661,0.8635895736789796,0.3263631936741446,0.027832898627764006,0.4250007906831177,0.18631255280561546,-0.016467370021931833,0.04395327893125847,-0.04700359564329334,0.11856558135990153,0.03466113292357723,0.08733476972441633,0.0005191064518322058,0.0010346369840717761,-0.00018414206546010816,0.0009785650706294064,-5.265308241020885e-05,0.0012139137560976975
49.09173553885404,0.06605509431677045,0.15798802577449744,0.07109863430069509,0.026884143655427743,0.31732499825778093,0.1273948605428753,exp3_robustness,0.05634250382239123,0.12515105463156612,0.25,12.800000000000944,0.0,,,estimate,0.0008511597195914269,0.002046436731859297,2.0,0.01346174072455778,0.0932896144304633,random,4,0.0,0.9644444444444444,0.0011111111111111111,12.088104500435293,14.156618132255971,0.0,0.0915608346104893,0.1677452236246999,0.08052652819455264,0.11149738755876024,0.4345542552367892,0.1970887557816805,-0.04457196880256402,0.10363478318700524,0.016227114510557288,0.03618625532458115,-0.026268819671892537,0.06010967571664222,-0.00013920323736030566,0.0015898501965958282,4.87085564379246e-05,0.0011364285017067108,0.0002350377045402639,0.0006072972175103454
70.8286135105433,0.040257669675461405,0.04016668744619732,0.023524799513126474,0.0359604297947893,0.0884114183841924,0.035490666125207015,exp3_robustness,0.022063291656160503,0.032301043565374644,0.375,8.399999999999475,0.0,,,estimate,0.001206427323236201,0.0013771139905140765,0.5,0.011600202149850554,0.020905921858513993,random,0,0.0,1.0,0.0,13.165229465812445,16.20887881144881,0.0,0.04987472038629526,0.04752702440980465,0.0251931545852114,0.05217292492567751,0.12296428548302074,0.05107713217519856,0.013276726150926137,0.028665133154955204,-0.007225341155519255,0.009402406798580462,0.009491553721789198,0.011543929271046619,0.0002037679031189765,0.00040409663980909823,0.0005003568066001587,0.0007687739992124534,0.000875581631358406,0.0010687073438034806
67.39532044841604,0.019237319649028785,0.04401863541062025,0.025224932079641767,0.025420277902119936,0.060745326199046074,0.03955613295732222,exp3_robustness,0.018368862067909043,0.026785394777212063,0.375,9.399999999999809,0.0,,,estimate,0.0009359577797212613,0.0010383113488792923,0.5,0.008364211730856731,0.017180268722675425,random,1,0.0,0.9988888888888889,0.0,13.342687394469976,16.4204201544635,0.0,0.024382526064833408,0.04584417314444399,0.02877597078631248,0.03414976722399247,0.08096875449214806,0.05403671498428186,-0.006128480792237793,0.009193652079870837,-0.00911915947144868,0.023852610476146407,-0.003986620814714019,0.007999194226834138,0.0005239549593953467,0.0007656037860476607,0.00024074126243411816,0.0004218158518947856,-8.275691289446411e-07,0.000560368349473183
54.763969159993536,0.01620225673434262,0.06536590262808083,0.03569586075679375,0.02539301527527038,0.12410790587052468,0.05318072160912194,exp3_robustness,0.02455816746057363,0.04004811868981073,0.375,7.599999999999385,0.0,,,estimate,0.0008779900572023578,0.0010306076844532174,0.5,0.010134513909883822,0.02629371313855989,random,2,0.0,1.0,0.0,12.990563060157001,16.532873664982617,0.0,0.017551513961324938,0.06541579124731565,0.03983597572605319,0.026891042798015918,0.17004454738057362,0.07531032251342054,-0.004201185672398747,0.005996940839845838,0.0074317863891476535,0.03103207101977072,-0.0008995517826355709,0.024594696163613466,-0.00011817132638600898,0.0004124017957622103,-0.0003595094471341905,0.000621737753701365,0.00041512691905973585,0.000710998680539217
51.98609152725351,0.030865877621444993,0.05758162197846977,0.03437239893880275,0.03250374181993261,0.12295841557495818,0.05601591140212581,exp3_robustness,0.020454599885710873,0.039767298471249275,0.375,8.799999999999608,0.0,,,estimate,0.0007969784709522403,0.0009282032385909749,0.5,0.0031363124420178317,0.018037423666100557,random,3,0.0,0.9988888888888889,0.0,13.603667030110955,16.91264510154724,0.0,0.034588792174144116,0.06162555469538035,0.03583766353032504,0.037598466776964254,0.14876637531252468,0.06712632062352944,-0.003052575513157016,0.011974005240431351,-0.010494912517160166,0.03210390891506572,0.0069930094994162,0.020184158604626332,-0.00021591150860263112,0.0004926370839502248,-0.000325313325367196,0.0006725017325049543,4.011797381540625e-05,0.0004081805671827461
35.89712245663067,0.03517016268414743,0.03292794902417848,0.021263971147692233,0.0239208472179616,0.07303690020904952,0.033829368474938316,exp3_robustness,0.019237079998472822,0.03352627650189387,0.375,9.199999999999742,0.0,,,estimate,0.0007316196213502747,0.0009046410694105585,0.5,0.0034869804622085086,0.024344950114141038,random,4,0.0,1.0,0.0,11.430353973992169,12.287983729038388,0.0,0.04177498303616092,0.03634043259108047,0.023287582668601172,0.031663018243487315,0.09714228666619859,0.05156904734078636,-0.009724035456707724,0.027704576891588183,0.006363367659013148,0.010450920683807896,-0.005617599953673355,0.015724054572541866,0.00021604526658925723,0.0006074308959247943,-0.0003250792395522505,0.0006057887183134615,-0.00011580599880766398,0.0002870944093924757
75.45607655790545,0.0380423547891405,0.048325492823304464,0.025293995778954866,0.02726392561501842,0.1756996430793346,0.06543287752472865,exp3_robustness,0.03486007658159654,0.06230187396768997,0.375,12.300000000000777,0.0,,,estimate,0.001359632125471489,0.0018043846760123692,1.0,0.02303116820849539,0.036499309450104385,random,0,0.0,1.0,0.0,13.017020421102643,15.721756487619132,0.0,0.058742405346350085,0.06947534109800316,0.04162580642288209,0.05224338651378473,0.24726299931571638,0.09681626063224155,0.02770324911171,0.05940754751915489,-0.007929551679692858,0.011793148664320578,0.011774867524377257,0.014600974016363174,0.00034907040788452183,0.000719094045467337,0.0005213981663896681,0.0010988779880145383,0.0009163503398100154,0.0012374065541521924
68.5197067288884,0.04359927910414316,0.06648102587673504,0.03641932583251175,0.03651491840115886,0.10334275395617362,0.055572285062835965,exp3_robustness,0.027710056029160143,0.0474543492498896,0.375,12.40000000000081,0.0,,,estimate,0.000994514639955415,0.0012062994820993772,1.0,0.016578860071249934,0.02917140292600451,random,1,0.0,1.0,0.0,13.275708421133459,15.569090202916408,0.0,0.05743885586137344,0.06233987876091966,0.042888064073018095,0.050772585373684856,0.1513673453004518,0.08118337850127977,-0.00810878057027635,0.011515357216569471,-0.019304350273022887,0.0450417697916318,-0.0034027501351750295,0.00951581761820518,0.0004423259030912045,0.0007478214665376352,0.0003396325547531226,0.0005819186515543576,-0.00026829464258117867,0.000746520045056986
58.872331103838036,0.023182899171909733,0.08764423281791264,0.04853837944869294,0.024876995521862687,0.2310168255840063,0.08985374441261153,exp3_robustness,0.038540321261856476,0.07712871755997777,0.375,9.199999999999742,0.0,,,estimate,0.0009917945549442436,0.0013542904914353533,1.0,0.020290522787792704,0.04883202975856303,random,2,0.0,1.0,0.0,13.017332996241748,15.519397915340956,0.0,0.028323966435872944,0.10892126798161432,0.06322994198462638,0.024076006725486584,0.3245937425875569,0.13163882642313965,-0.00449474951173164,0.006265455623315007,0.022115091101180255,0.06364139789148753,-0.009472873859688175,0.04312024597212383,-0.000457328050193472,0.0008185302669295979,-0.0001707891323755942,0.0008409741580317377,0.0002288261371769981,0.0006759241102632618
50.69683802613327,0.04093965016967187,0.10797288727858156,0.05233687820475169,0.034831252554700834,0.21885675172715868,0.08813782790088397,exp3_robustness,0.03559867586043636,0.07768337955459563,0.375,10.850000000000293,0.0,,,estimate,0.0007918731789215549,0.0011320487506728324,1.0,0.005938854360844818,0.03620165417026537,random,3,0.0,0.9988888888888889,0.0,13.144062017090619,16.21882705949247,0.0,0.04962078727334439,0.11138844534961481,0.055423917175370506,0.040513283184319286,0.270129326078501,0.10876204552865419,-0.007956424793894289,0.022465758922854136,-0.023569698646818495,0.061846896898441604,0.015798055056956268,0.041291142864748845,-6.899181018798658e-05,0.0005437125057378339,-0.00033772608624111294,0.0007551150761668531,3.051957510856058e-05,0.0006447575565666014
39.96153377203271,0.03671743339934896,0.07117806417557071,0.035640831658943925,0.016743817914127674,0.16422086702154554,0.06625634690159572,exp3_robustness,0.031639452356430085,0.06382635325458917,0.375,10.200000000000076,0.0,,,estimate,0.0007414193963756095,0.0012046309990685214,1.0,0.006777922390975988,0.04682055980509378,random,4,0.0,1.0,0.0,11.608333443291485,13.02468905923888,0.0,0.04970189124788471,0.07740509464670947,0.03989205254217249,0.049463343964638785,0.2179023694338476,0.10093908286323316,-0.02186202422324905,0.05314308214165354,0.009614883684399857,0.017705124281326708,-0.011867242531488884,0.03059648287708648,0.00014165000002489033,0.0009030910179812331,-0.000276651476961804,0.0007192246926956752,-2.9720298332336035e-05,0.0003439161214238961
89.36402041315094,0.06772675369240794,0.22908560908323988,0.11090791444941549,0.032366434730271156,0.3030181815160861,0.13088530577923077,exp3_robustness,0.061342035514686484,0.12407985046174318,0.375,12.600000000000877,0.0,,,estimate,0.001751805035364414,0.0029043229051444823,2.0,0.04591875092594035,0.0689489343688338,random,0,0.0,0.97,0.03,13.437145855277777,17.505844146944582,0.0,0.11026425926446921,0.19476001756833597,0.11701735995346359,0.09312904938375739,0.4424915036622296,0.18061589893240212,0.05510460784089617,0.11996456736509499,-0.01228074408415897,0.02099490648097222,0.015979685400247936,0.02373869771847992,0.0004163477497482866,0.0013107701006892798,0.0007137836419206949,0.001897509197562314,0.0011275956028442013,0.001765341928820681
79.31054954795059,0.05601753081198682,0.1156889097675813,0.06097270851376138,0.028147580853033156,0.24215188209898486,0.12242628397774118,exp3_robustness,0.045783704928712796,0.09043502208932395,0.375,12.650000000000894,0.0,,,estimate,0.0014209884401604788,0.001900377656446736,2.0,0.032961406938003944,0.05431803124317558,random,1,0.0,1.0,0.0,13.457938097417355,15.915983403101563,0.0,0.08381534050268998,0.11097546035997828,0.07618282957124736,0.06519886722093911,0.3272307069991844,0.16795667501886477,-0.010802870872100762,0.017376111150996895,-0.03885355810933526,0.08768558621713762,-0.0008922962783375008,0.013704085205574205,0.00011297077563173916,0.0007253904420201704,0.0008221762111328765,0.001216017421300342,-0.0005058364220470675,0.0012674957888852475
108.69731774766996,2.157822533429627,2.7812704684201193,1.2855316383982327,0.1634156601889242,0.37004541711034467,0.16702859858279784,exp3_robustness,0.06841864832075388,0.15340415568575436,0.375,10.200000000000076,0.0,,,estimate,0.0018988881234997968,0.0025967434718461705,2.0,0.04195375983473129,0.09420239535275546,random,2,0.0,0.37666666666666665,0.6233333333333333,6.0616874834522605,17.623724963050336,0.0,2.2126757227582154,2.788338046834597,1.2948866229519176,0.18661547701849,0.508355733649656,0.2323729074761777,-0.0037580666897181945,0.006564926786478125,0.05064861144284096,0.13149528217919854,-0.023886510439842662,0.07873199783163318,-0.0007244377857000959,0.0015420468869010147,0.000607036717361867,0.0016047519705702012,-0.0008856065272906718,0.0013378860826414366
72.87083023971678,0.052498350134114594,0.18143024974406669,0.08336003742579975,0.029612955886953143,0.3267332353909319,0.14351618261831656,exp3_robustness,0.06584855505462515,0.15364569240812323,0.375,11.250000000000426,0.0,,,estimate,0.0011435445254969383,0.0019323214536186067,2.0,0.011746447328211803,0.07500096672744765,random,3,0.0,0.9377777777777778,0.06222222222222222,13.733728439547122,16.62288276711479,0.0,0.06861623823298242,0.18371079245573316,0.08680297454518594,0.04300867016187018,0.4240636638325703,0.17637861086769652,-0.017013288835915217,0.04437844457127894,-0.04720601663910208,0.11860300469201288,0.03432964638346464,0.0870108023812671,0.0005272082489054475,0.0010295868467630849,-0.0003676335642180864,0.0010813654336157383,7.001267272022472e-05,0.0012265667222243638
52.10225425222956,0.06843325248346545,0.1332889907538755,0.06653567654957822,0.02638288978076357,0.32542920171058964,0.12983249898751664,exp3_robustness,0.0569605077625605,0.12482278018648789,0.375,12.500000000000844,0.0,,,estimate,0.0009097837009670341,0.0020679192728660484,2.0,0.013435452681337433,0.09317730432123252,random,4,0.0,0.9988888888888889,0.0011111111111111111,12.20256241504103,14.150594011880456,0.0,0.094302081315654,0.14358446569275019,0.07548389850056225,0.1059442492379505,0.4433034497192223,0.2004048811700003,-0.04319283896904823,0.10270278577622725,0.01748598651562913,0.0366251734117826,-0.025875140828148457,0.060757393952040877,-5.8906588221668776e-05,0.0016028926094340588,-7.036744479169856e-05,0.0011531974577846005,0.00021840182572571717,0.000614134370534376
