candidate_id,composition,control_effort_normalized2_s,estimated_tracking_orientation_final_rad,estimated_tracking_orientation_p95_rad,estimated_tracking_orientation_rmse_rad,estimated_tracking_position_final_m,estimated_tracking_position_p95_m,estimated_tracking_position_rmse_m,experiment,force_direction,force_estimation_mae_n,force_estimation_rmse_n,group_violation_max_n,metric_window_end_s,metric_window_start_s,mode,modulation_amplitude,modulation_frequency_hz,moment_direction,moment_estimation_mae_nm,moment_estimation_rmse_nm,observer_orientation_rmse_rad,observer_position_rmse_m,relative_scale,seed,slew_violation_max_fraction,solver_max_iter_status_fraction,solver_nonstandard_status_fraction,solver_time_median_ms,solver_time_p95_ms,stage,static_allocation,thruster_saturation_fraction,tracking_orientation_final_rad,tracking_orientation_p95_rad,tracking_orientation_rmse_rad,tracking_position_final_m,tracking_position_p95_m,tracking_position_rmse_m,wrench_fx_bias_n,wrench_fx_rmse_n,wrench_fy_bias_n,wrench_fy_rmse_n,wrench_fz_bias_n,wrench_fz_rmse_n,wrench_mx_bias_nm,wrench_mx_rmse_nm,wrench_my_bias_nm,wrench_my_rmse_nm,wrench_mz_bias_nm,wrench_mz_rmse_nm
force_x_s35,force_only,30.400776517150796,0.03795378503748586,0.05632051488264577,0.03262341979262714,0.048465523408976544,0.057499312641916274,0.04176676780641685,applicability_screening,"[1.0, 0.0, 0.0]",0.009354575973192449,0.009586054959107882,0.0,45.0,15.0,ignore,0.0,0.0,"[0.0, 0.0, 0.0]",0.0003026578130864995,0.0003415064678577123,0.01081632823737042,0.013444216545834812,0.35,0,0.0,0.84,0.0,16.173958429135382,19.42384975263849,screening,"{'active_constraints': ['thruster_3', 'thruster_4'], 'balance_residual_norm': 1.7347592848005454e-18, 'basis_wrench': [1.0, 0.0, 0.0, 0.0, 0.0, 0.0], 'group_totals_n': [0.14425729642639962, 0.15392768196057183], 'lambda_max': 0.2691738217844549, 'lambda_unit': 'N', 'thruster_forces_n': [0.0, 0.0, 0.12975171812514139, 0.13942210365931357, 0.00967038553417218, 0.0, 0.00483519276708609, 0.00483519276708609, 0.0, 0.00483519276708609, 0.00483519276708609, 0.0]}",0.0,0.048886958213531444,0.06566457259239955,0.03710304838838486,0.05095099892325365,0.05872019310064565,0.04022935698355604,0.009179152735123305,0.009429386024996609,0.0006544018369125712,0.0016331861112015653,-3.3063392425813536e-05,0.0005584191945248438,2.386252695616259e-05,0.00011097313996266363,0.0001479595584462981,0.00022433681772068587,0.0001812432503140134,0.00023234591025114582
force_x_s35,force_only,27.16329683271543,0.05459075156206064,0.060249796905729715,0.032964933513226186,0.026281496291840796,0.052430208259796766,0.03163017564393901,applicability_screening,"[1.0, 0.0, 0.0]",0.008983514625808358,0.00917812121929933,0.0,45.0,15.0,estimate,0.0,0.0,"[0.0, 0.0, 0.0]",0.00031046461505593694,0.0003500841270028935,0.010841569599181684,0.012295903602345996,0.35,0,0.0,0.8211111111111111,0.0,16.186833498068154,18.903795501682904,screening,"{'active_constraints': ['thruster_3', 'thruster_4'], 'balance_residual_norm': 1.7347592848005454e-18, 'basis_wrench': [1.0, 0.0, 0.0, 0.0, 0.0, 0.0], 'group_totals_n': [0.14425729642639962, 0.15392768196057183], 'lambda_max': 0.2691738217844549, 'lambda_unit': 'N', 'thruster_forces_n': [0.0, 0.0, 0.12975171812514139, 0.13942210365931357, 0.00967038553417218, 0.0, 0.00483519276708609, 0.00483519276708609, 0.0, 0.00483519276708609, 0.00483519276708609, 0.0]}",0.0,0.0656230222145095,0.0692289370516325,0.03674958975579761,0.02992166050055642,0.060924851500183404,0.03431623147045661,0.008748974532331985,0.00898202131242175,0.0002477460338113427,0.0017194148238163487,-0.00020511662947808915,0.000777698478200044,1.0446611647591031e-05,0.00010967041686186764,0.00014597409885685187,0.0002391605385705343,0.00016888510221540703,0.00023094053874401143
force_x_s55,force_only,41.503263368063166,0.026230251898701675,0.06271920428427843,0.036873620184465425,0.03889832751924125,0.1025767042406343,0.06371797883149401,applicability_screening,"[1.0, 0.0, 0.0]",0.011968508355050303,0.011982116562217053,0.0,45.0,15.0,ignore,0.0,0.0,"[0.0, 0.0, 0.0]",0.00033569560293168646,0.00037171200632108207,0.010835483491242434,0.010043158974945784,0.55,0,0.0,0.9388888888888889,0.0,17.104437574744225,20.594370982144028,screening,"{'active_constraints': ['thruster_3', 'thruster_4'], 'balance_residual_norm': 1.7347592848005454e-18, 'basis_wrench': [1.0, 0.0, 0.0, 0.0, 0.0, 0.0], 'group_totals_n': [0.14425729642639962, 0.15392768196057183], 'lambda_max': 0.2691738217844549, 'lambda_unit': 'N', 'thruster_forces_n': [0.0, 0.0, 0.12975171812514139, 0.13942210365931357, 0.00967038553417218, 0.0, 0.00483519276708609, 0.00483519276708609, 0.0, 0.00483519276708609, 0.00483519276708609, 0.0]}",0.0001388888888888889,0.03047725302864087,0.07324581519235214,0.03527278633772682,0.031243930810745797,0.09662043329014079,0.0601478240820807,0.011834433645268295,0.011854195658113442,-0.0008942881128513537,0.001452104481764538,-0.000899951354822602,0.0009698222433827505,4.162153423770049e-05,0.00013659516640157111,0.0001115971206399011,0.00018624742781932666,0.00020950580407402543,0.0002912446940111629
force_x_s55,force_only,41.79188502378344,0.05736214102034583,0.05519169077526298,0.030531589604866072,0.02214066615035491,0.17174883474718897,0.07074636947478206,applicability_screening,"[1.0, 0.0, 0.0]",0.011353035452258048,0.011400882968671852,0.0,45.0,15.0,estimate,0.0,0.0,"[0.0, 0.0, 0.0]",0.00031031075288804537,0.0003403895561833845,0.010842058949444735,0.010843514745002166,0.55,0,0.0,0.8766666666666667,0.0,16.90962491557002,20.330118911806494,screening,"{'active_constraints': ['thruster_3', 'thruster_4'], 'balance_residual_norm': 1.7347592848005454e-18, 'basis_wrench': [1.0, 0.0, 0.0, 0.0, 0.0, 0.0], 'group_totals_n': [0.14425729642639962, 0.15392768196057183], 'lambda_max': 0.2691738217844549, 'lambda_unit': 'N', 'thruster_forces_n': [0.0, 0.0, 0.12975171812514139, 0.13942210365931357, 0.00967038553417218, 0.0, 0.00483519276708609, 0.00483519276708609, 0.0, 0.00483519276708609, 0.00483519276708609, 0.0]}",0.0,0.06785309260462125,0.060425312220767746,0.032954812378699676,0.023175799669383067,0.16910835499512497,0.07073797575848144,0.011067002937339991,0.011141486978208055,-0.0012861317315191105,0.0019483679737469788,-0.0013547529717823359,0.0014322229640141048,6.512362314029298e-05,0.00014499266016094643,0.000132540573876747,0.0002023538013854572,0.00017507058388257615,0.0002321532199281946
force_y_s35,force_only,31.800218775966698,0.050169894167399316,0.06145924298897087,0.027847436910689256,0.05640099773247964,0.11522633008648125,0.05410313463786024,applicability_screening,"[0.0, 1.0, 0.0]",0.010321190806170302,0.010610946426195455,0.0,45.0,15.0,ignore,0.0,0.0,"[0.0, 0.0, 0.0]",0.00033233405516178334,0.0003461196440139642,0.01083149772868924,0.015383312487076781,0.35,0,0.0,0.8755555555555555,0.023333333333333334,12.985875131562352,16.172683425247666,screening,"{'active_constraints': ['group_1'], 'balance_residual_norm': 0.0, 'basis_wrench': [0.0, 1.0, 0.0, 0.0, 0.0, 0.0], 'group_totals_n': [0.2238621644804581, 0.0], 'lambda_max': 0.2238621644804581, 'lambda_unit': 'N', 'thruster_forces_n': [0.0, 0.0, 0.0, 0.0, 0.0, 0.0, 0.11193108224022905, 0.11193108224022905, 0.0, 0.0, 0.0, 0.0]}",0.0,0.048419211187227605,0.06281190111682874,0.029109691864418828,0.07458432761210446,0.126661747785504,0.059661824800583164,0.0021309320486188684,0.002492201457797564,0.009990150198547331,0.010257021204505648,0.0008161183693061795,0.0010838043936353442,3.805356642821804e-05,0.00016147551943561947,0.00015250789799562203,0.0002229231721876038,0.00014826259864247286,0.00020983260923213568
force_y_s35,force_only,28.517985087213134,0.017394302566752323,0.052524161722293024,0.027452086521256896,0.02291611896396977,0.04042674055362833,0.026742068180527125,applicability_screening,"[0.0, 1.0, 0.0]",0.009610689427487022,0.009763924034953068,0.0,45.0,15.0,estimate,0.0,0.0,"[0.0, 0.0, 0.0]",0.00030189815015716057,0.0003398888057602863,0.010792102131791789,0.013195968784222425,0.35,0,0.0,0.8411111111111111,0.0,12.545499484986067,14.357108366675673,screening,"{'active_constraints': ['group_1'], 'balance_residual_norm': 0.0, 'basis_wrench': [0.0, 1.0, 0.0, 0.0, 0.0, 0.0], 'group_totals_n': [0.2238621644804581, 0.0], 'lambda_max': 0.2238621644804581, 'lambda_unit': 'N', 'thruster_forces_n': [0.0, 0.0, 0.0, 0.0, 0.0, 0.0, 0.11193108224022905, 0.11193108224022905, 0.0, 0.0, 0.0, 0.0]}",0.0,0.020716981265132592,0.049004570519213884,0.029002530037821956,0.0326976263559377,0.057006558221314216,0.03602796432364032,0.001343031647988785,0.002394852415268372,0.009252758634809548,0.009395527500593385,0.0007953541997355007,0.0011501988762865538,-9.120028106995397e-07,0.0001191000845723095,0.00016131774053809082,0.00025864608580767755,0.00014147876284892143,0.0001855849466750734
force_y_s55,force_only,46.328193277520455,0.11242158916131047,0.2506982330476334,0.11850973722823373,0.17006149263337444,0.4092430001573285,0.19003545062096872,applicability_screening,"[0.0, 1.0, 0.0]",0.013608286701993356,0.013634600953899467,0.0,45.0,15.0,ignore,0.0,0.0,"[0.0, 0.0, 0.0]",0.00038390930665060285,0.00040732730202959537,0.01085946075135082,0.0109827349963068,0.55,0,0.0,0.8344444444444444,0.16111111111111112,14.192916103638709,18.869849829934534,screening,"{'active_constraints': ['group_1'], 'balance_residual_norm': 0.0, 'basis_wrench': [0.0, 1.0, 0.0, 0.0, 0.0, 0.0], 'group_totals_n': [0.2238621644804581, 0.0], 'lambda_max': 0.2238621644804581, 'lambda_unit': 'N', 'thruster_forces_n': [0.0, 0.0, 0.0, 0.0, 0.0, 0.0, 0.11193108224022905, 0.11193108224022905, 0.0, 0.0, 0.0, 0.0]}",0.0001388888888888889,0.11323295503785258,0.2512114878989519,0.11931089269414318,0.16937614731429354,0.40495859152168073,0.18945116918247223,0.0019166262989849185,0.0023668440562214558,0.01336338898860302,0.013381087226952627,-0.0004051758313782206,0.001116645427291328,9.917174530645748e-05,0.00019703050905524203,0.00012195385097165413,0.00024456512612629466,0.00016694926145207505,0.00025938852820233006
force_y_s55,force_only,51.007243547473266,0.28590489330943963,0.4001789580590832,0.1897942400558291,0.3160142847906802,0.3860465874938899,0.21895621489772882,applicability_screening,"[0.0, 1.0, 0.0]",0.013536500780463031,0.013570925694411753,0.0,45.0,15.0,estimate,0.0,0.0,"[0.0, 0.0, 0.0]",0.0005097760221779311,0.000595079171316266,0.010936515961406946,0.012339951011682065,0.55,0,0.0,0.6322222222222222,0.35555555555555557,13.768250588327646,17.819864605553448,screening,"{'active_constraints': ['group_1'], 'balance_residual_norm': 0.0, 'basis_wrench': [0.0, 1.0, 0.0, 0.0, 0.0, 0.0], 'group_totals_n': [0.2238621644804581, 0.0], 'lambda_max': 0.2238621644804581, 'lambda_unit': 'N', 'thruster_forces_n': [0.0, 0.0, 0.0, 0.0, 0.0, 0.0, 0.11193108224022905, 0.11193108224022905, 0.0, 0.0, 0.0, 0.0]}",0.0,0.287882686365899,0.4057858718785374,0.1918608171772783,0.31524592944872254,0.3773102155288964,0.21822183547928908,0.0023203917162181852,0.0029271799886892757,0.01314692343968232,0.013169486154342465,-0.00026204482439631886,0.001471827417751228,0.00012903984550683963,0.00033873615975370995,4.359349111893822e-05,0.00037392795306716905,1.1673802133776654e-05,0.0003155232481525886
force_z_s35,force_only,32.51412593670457,0.0018022562602824804,0.03626306095958736,0.016707643341076973,0.015459061930894576,0.0788880821931511,0.04898624986406793,applicability_screening,"[0.0, 0.0, 1.0]",0.010931858808918777,0.011126356848889,0.0,45.0,15.0,ignore,0.0,0.0,"[0.0, 0.0, 0.0]",0.0003392016256513227,0.00036569375201829583,0.01078817971549269,0.016444023382193685,0.35,0,0.0,0.8711111111111111,0.0,13.380083022639155,15.832733327988533,screening,"{'active_constraints': ['thruster_11', 'thruster_12'], 'balance_residual_norm': 0.0, 'basis_wrench': [0.0, 0.0, 1.0, 0.0, 0.0, 0.0], 'group_totals_n': [0.1339178571287908, 0.1339178571287908], 'lambda_max': 0.2678357142575816, 'lambda_unit': 'N', 'thruster_forces_n': [0.0, 0.0, 0.0, 0.0, 0.0, 0.0, 0.0, 0.0, 0.0, 0.0, 0.1339178571287908, 0.1339178571287908]}",0.0,0.011957334585220091,0.03825943562490189,0.02224357603774355,0.02447831573335342,0.09393068299124624,0.0555322772290199,0.002469622329073513,0.0029532245890551167,0.002776892660345281,0.0036799392320117762,0.009969996062976761,0.010076325148789112,1.0545788243672223e-05,0.00016214983322264758,0.00015535679972934792,0.0002390023285255425,0.00010740800549975213,0.00022431504365613792
force_z_s35,force_only,34.89161909949705,0.022056641221152033,0.03037262095419022,0.0188979284060263,0.04056412156380381,0.054391907239307216,0.03560797674942665,applicability_screening,"[0.0, 0.0, 1.0]",0.01029441309402859,0.010336814159241143,0.0,45.0,15.0,estimate,0.0,0.0,"[0.0, 0.0, 0.0]",0.00031598965181810006,0.0003471185343270809,0.010762352095922795,0.014944964342003236,0.35,0,0.0,0.8677777777777778,0.0,12.902187532745302,14.921372907701878,screening,"{'active_constraints': ['thruster_11', 'thruster_12'], 'balance_residual_norm': 0.0, 'basis_wrench': [0.0, 0.0, 1.0, 0.0, 0.0, 0.0], 'group_totals_n': [0.1339178571287908, 0.1339178571287908], 'lambda_max': 0.2678357142575816, 'lambda_unit': 'N', 'thruster_forces_n': [0.0, 0.0, 0.0, 0.0, 0.0, 0.0, 0.0, 0.0, 0.0, 0.0, 0.1339178571287908, 0.1339178571287908]}",0.0,0.031341503655311034,0.038463663633369415,0.026851239225025414,0.05606240430582509,0.07591849565824066,0.04603677707967316,0.0021476801494194706,0.003023797385984065,0.001281260399604047,0.00260914388704382,0.009500887617832066,0.009534083307162045,4.7406252555705935e-05,0.00014072824185373144,0.00013425592735037315,0.0002255784924015981,0.000159597760292826,0.00022316178567120454
force_z_s55,force_only,45.206208219781416,0.01360550777067867,0.05126380610571073,0.022720585400300246,0.030014960266459934,0.09324117677899199,0.06070923087556099,applicability_screening,"[0.0, 0.0, 1.0]",0.01311070749375116,0.013176702945033834,0.0,45.0,15.0,ignore,0.0,0.0,"[0.0, 0.0, 0.0]",0.00026906181590131793,0.000297585520035337,0.010716769435826869,0.015862894149837145,0.55,0,0.0,0.9733333333333334,0.0011111111111111111,13.590854476206005,16.442045231815428,screening,"{'active_constraints': ['thruster_11', 'thruster_12'], 'balance_residual_norm': 0.0, 'basis_wrench': [0.0, 0.0, 1.0, 0.0, 0.0, 0.0], 'group_totals_n': [0.1339178571287908, 0.1339178571287908], 'lambda_max': 0.2678357142575816, 'lambda_unit': 'N', 'thruster_forces_n': [0.0, 0.0, 0.0, 0.0, 0.0, 0.0, 0.0, 0.0, 0.0, 0.0, 0.1339178571287908, 0.1339178571287908]}",0.0,0.020193960829793182,0.04457345847275019,0.025531407657450114,0.04015053708289818,0.08890647765307472,0.06507865550108953,0.00276339326667071,0.0029947552647085125,0.0032310810034587973,0.003962404462079576,0.012177143425151046,0.012204765146657097,2.785574992982144e-05,0.0001146188655429208,0.0001272072083197501,0.0002066965656417955,0.00015092966174106223,0.0001808208703337165
force_z_s55,force_only,46.834829324051405,0.021945404319466594,0.05570807696381731,0.025107072770026908,0.06358788635919146,0.09425720735981705,0.04562177226763057,applicability_screening,"[0.0, 0.0, 1.0]",0.013117175403338753,0.013162158959561722,0.0,45.0,15.0,estimate,0.0,0.0,"[0.0, 0.0, 0.0]",0.0004086374281838373,0.0004511319114583502,0.010771676220155594,0.015629261939352525,0.55,0,0.0,0.9788888888888889,0.014444444444444444,13.69606249500066,16.6802542284131,screening,"{'active_constraints': ['thruster_11', 'thruster_12'], 'balance_residual_norm': 0.0, 'basis_wrench': [0.0, 0.0, 1.0, 0.0, 0.0, 0.0], 'group_totals_n': [0.1339178571287908, 0.1339178571287908], 'lambda_max': 0.2678357142575816, 'lambda_unit': 'N', 'thruster_forces_n': [0.0, 0.0, 0.0, 0.0, 0.0, 0.0, 0.0, 0.0, 0.0, 0.0, 0.1339178571287908, 0.1339178571287908]}",0.0,0.0324612520643514,0.050099755830542395,0.028588683789317115,0.08902555764792772,0.10682232053205505,0.055165473061310207,0.0030656480817764964,0.003284756834136122,0.0036683940899568768,0.00417407198348817,0.012035433359463872,0.012042837045066503,2.0537172621123573e-06,0.00019071916525509168,0.00015840587233641014,0.00023284297868752632,0.00011533127658681229,0.0003360511104227836
moment_x_s35,moment_only,38.7160047858534,0.0554230811706927,0.09823427550675258,0.06759078957611553,0.011411221260909815,0.04135511786546668,0.023814624349076264,applicability_screening,"[0.0, 0.0, 0.0]",0.004303142840207885,0.004680097177448417,0.0,45.0,15.0,ignore,0.0,0.0,"[1.0, 0.0, 0.0]",0.0014214566898179363,0.0014330790749867775,0.010826592325154975,0.014320316826166012,0.35,0,0.0,0.9655555555555555,0.0,13.454479514621198,15.498831914737819,screening,"{'active_constraints': ['thruster_5', 'group_1'], 'balance_residual_norm': 1.5899135657064048e-17, 'basis_wrench': [0.0, 0.0, 0.0, 1.0, 0.0, 0.0], 'group_totals_n': [0.2238621644804581, 0.15261278346602403], 'lambda_max': 0.03510094019718552, 'lambda_unit': 'N*m', 'thruster_forces_n': [0.0, 0.03562469050721703, 0.03562469050721705, 0.0, 0.11698809295880698, 0.0, 0.0, 0.11698809295880698, 0.03562469050721704, 0.0, 0.0, 0.03562469050721704]}",0.0,0.05729842710658758,0.09719417625506402,0.06686403481137065,0.02532606867596569,0.057009267467096246,0.03400847539268463,0.0020428546310250623,0.0030250384148430365,0.0025618617579820707,0.00324681810602555,0.0007773068165453518,0.0014868168567342887,0.0013432418664516786,0.0013614546514221935,0.0002082721489823464,0.0002945231589758421,0.00021200962260780286,0.00033676843099186414
moment_x_s35,moment_only,38.04568190046866,0.01791933557228908,0.03126635009296515,0.018955427491437252,0.036429708232923,0.050199074797821416,0.02944621464005464,applicability_screening,"[0.0, 0.0, 0.0]",0.0037535108145449365,0.004088323788531943,0.0,45.0,15.0,estimate,0.0,0.0,"[1.0, 0.0, 0.0]",0.0013980332541452772,0.0014164600293032654,0.010856451292847586,0.014110508400102908,0.35,0,0.0,0.9988888888888889,0.0,12.86516699474305,14.673097780905664,screening,"{'active_constraints': ['thruster_5', 'group_1'], 'balance_residual_norm': 1.5899135657064048e-17, 'basis_wrench': [0.0, 0.0, 0.0, 1.0, 0.0, 0.0], 'group_totals_n': [0.2238621644804581, 0.15261278346602403], 'lambda_max': 0.03510094019718552, 'lambda_unit': 'N*m', 'thruster_forces_n': [0.0, 0.03562469050721703, 0.03562469050721705, 0.0, 0.11698809295880698, 0.0, 0.0, 0.11698809295880698, 0.03562469050721704, 0.0, 0.0, 0.03562469050721704]}",0.0,0.023734245648143287,0.037876741493240745,0.021542612385311882,0.05277297391944059,0.07143156400662547,0.04055396530220719,0.0020673806172793294,0.003078083103077015,0.0016427817502893064,0.0023751325597378024,0.0008119599997542906,0.0012643342651772545,0.0013616965897707042,0.001380689917057181,0.00013142125605359041,0.00023396467375627204,9.298717495721584e-05,0.0002128729644284673
moment_x_s55,moment_only,48.77498503414095,0.11141211292789811,0.15851140792961452,0.10972431954453062,0.01011434290650027,0.05791285298547276,0.027677292622460076,applicability_screening,"[0.0, 0.0, 0.0]",0.003474158927414114,0.003773073979897357,0.0,45.0,15.0,ignore,0.0,0.0,"[1.0, 0.0, 0.0]",0.0016575228259032388,0.0016843537273472976,0.010790231042308184,0.013773614753332313,0.55,0,0.0,0.9988888888888889,0.0,13.943124911747873,16.27906047506258,screening,"{'active_constraints': ['thruster_5', 'group_1'], 'balance_residual_norm': 1.5899135657064048e-17, 'basis_wrench': [0.0, 0.0, 0.0, 1.0, 0.0, 0.0], 'group_totals_n': [0.2238621644804581, 0.15261278346602403], 'lambda_max': 0.03510094019718552, 'lambda_unit': 'N*m', 'thruster_forces_n': [0.0, 0.03562469050721703, 0.03562469050721705, 0.0, 0.11698809295880698, 0.0, 0.0, 0.11698809295880698, 0.03562469050721704, 0.0, 0.0, 0.03562469050721704]}",0.0,0.10713638146595916,0.15685950175586158,0.10787153573503588,0.02023457131479099,0.07486709856390618,0.03761372949403502,0.001415371606717781,0.0025401986691154527,0.001787107972591585,0.0023785913952048174,0.0008395315144214784,0.001458005814069395,0.0016278289921536659,0.0016575044456751844,0.0001569443049642924,0.0002145010458707884,6.624683075552975e-05,0.0002090832195946688
moment_x_s55,moment_only,48.13411836218533,0.05294231316976102,0.05647386473844749,0.03917303399569231,0.033117942857923154,0.05037758286596739,0.03226676148011891,applicability_screening,"[0.0, 0.0, 0.0]",0.003402055264078778,0.003734409172515904,0.0,45.0,15.0,estimate,0.0,0.0,"[1.0, 0.0, 0.0]",0.00181314745193018,0.0018423782636869746,0.01084117915267683,0.012714725074898462,0.55,0,0.0,1.0,0.0,13.485937495715916,15.546248049940912,screening,"{'active_constraints': ['thruster_5', 'group_1'], 'balance_residual_norm': 1.5899135657064048e-17, 'basis_wrench': [0.0, 0.0, 0.0, 1.0, 0.0, 0.0], 'group_totals_n': [0.2238621644804581, 0.15261278346602403], 'lambda_max': 0.03510094019718552, 'lambda_unit': 'N*m', 'thruster_forces_n': [0.0, 0.03562469050721703, 0.03562469050721705, 0.0, 0.11698809295880698, 0.0, 0.0, 0.11698809295880698, 0.03562469050721704, 0.0, 0.0, 0.03562469050721704]}",0.0,0.05112382287525384,0.051453832052725676,0.03661576969562999,0.048139382534438765,0.06357565485339907,0.04075095095636728,0.0016190452165375255,0.002601092964606886,0.0019067184901748564,0.0024956158303554906,0.0006944587599919798,0.0009757196751744608,0.0017756267338277997,0.0018101084034281496,7.064845965288714e-05,0.0002235481314189595,0.00012565075047319795,0.00026055991112241064
moment_y_s35,moment_only,37.23471933121181,0.01659849427468861,0.0623447049498425,0.0440427570150729,0.015415252653958515,0.03016908498633831,0.01782654901719537,applicability_screening,"[0.0, 0.0, 0.0]",0.003494718062370892,0.003654612588725775,0.0,45.0,15.0,ignore,0.0,0.0,"[0.0, 1.0, 0.0]",0.001300813975112139,0.0013130936478367254,0.010791999937833693,0.014610907779464662,0.35,0,0.0,0.9933333333333333,0.0,12.982291984371841,14.6401374717243,screening,"{'active_constraints': ['thruster_2', 'group_1'], 'balance_residual_norm': 2.8025365006239155e-17, 'basis_wrench': [0.0, 0.0, 0.0, 0.0, 1.0, 0.0], 'group_totals_n': [0.22386216448045812, 0.02056601608943196], 'lambda_max': 0.02574414891525268, 'lambda_unit': 'N*m', 'thruster_forces_n': [0.0, 0.10164807419551308, 0.10164807419551306, 0.0, 0.01028300804471598, 0.0, 0.0, 0.01028300804471598, 0.0, 0.010283008044715982, 0.010283008044715979, 0.0]}",0.0,0.01964193779566916,0.05342284479501812,0.0375992937769044,0.030158297478503494,0.04427583853740784,0.028342391992127517,0.0009171251131972721,0.001973308571948803,0.0009431845782978231,0.0024717309208421453,0.001320836650339724,0.0018310632726640352,8.463963057166791e-05,0.00022666764473692417,0.0011565792748565356,0.001204401645539693,0.000336184953368065,0.0004714375706706597
moment_y_s35,moment_only,36.4170324217877,0.03502714381273238,0.043332083593955115,0.024711597455756823,0.02788852514414429,0.05112033997670088,0.028395489365912612,applicability_screening,"[0.0, 0.0, 0.0]",0.003071731509373356,0.003239653797613762,0.0,45.0,15.0,estimate,0.0,0.0,"[0.0, 1.0, 0.0]",0.0012647546374538717,0.001294697738812864,0.010778716105977589,0.0145905803675545,0.35,0,0.0,1.0,0.0,12.888854020275176,14.970454433932899,screening,"{'active_constraints': ['thruster_2', 'group_1'], 'balance_residual_norm': 2.8025365006239155e-17, 'basis_wrench': [0.0, 0.0, 0.0, 0.0, 1.0, 0.0], 'group_totals_n': [0.22386216448045812, 0.02056601608943196], 'lambda_max': 0.02574414891525268, 'lambda_unit': 'N*m', 'thruster_forces_n': [0.0, 0.10164807419551308, 0.10164807419551306, 0.0, 0.01028300804471598, 0.0, 0.0, 0.01028300804471598, 0.0, 0.010283008044715982, 0.010283008044715979, 0.0]}",0.0,0.04552077858271876,0.05073175002446194,0.029649799219456905,0.04368784730066673,0.07534588072482593,0.040594821722556754,0.000956496043432918,0.002239746605851893,0.0004333366091284807,0.0019637311646553686,0.0006626114676294751,0.0012738334989037875,-1.3926116295209338e-05,0.00013266202606161603,0.0011673324564610873,0.0012312796622082672,0.0002060915583617073,0.0003776154328952471
moment_y_s55,moment_only,45.38387051202374,0.04289543496117242,0.1167681702808058,0.08738792805578645,0.015642865347416265,0.03827771606279902,0.024532241398751323,applicability_screening,"[0.0, 0.0, 0.0]",0.002573491449311393,0.0026753930753338675,0.0,45.0,15.0,ignore,0.0,0.0,"[0.0, 1.0, 0.0]",0.0013635532301917057,0.0013911680132246483,0.010774764760552731,0.011387131806323019,0.55,0,0.0,0.9755555555555555,0.0,13.504146016202867,14.702276815660298,screening,"{'active_constraints': ['thruster_2', 'group_1'], 'balance_residual_norm': 2.8025365006239155e-17, 'basis_wrench': [0.0, 0.0, 0.0, 0.0, 1.0, 0.0], 'group_totals_n': [0.22386216448045812, 0.02056601608943196], 'lambda_max': 0.02574414891525268, 'lambda_unit': 'N*m', 'thruster_forces_n': [0.0, 0.10164807419551308, 0.10164807419551306, 0.0, 0.01028300804471598, 0.0, 0.0, 0.01028300804471598, 0.0, 0.010283008044715982, 0.010283008044715979, 0.0]}",0.0001388888888888889,0.03891040215027698,0.10662344711886462,0.07975890053639777,0.020694081365618094,0.05284978847682206,0.032126875751494255,-0.0005881065994353557,0.0013307160699457992,0.0008673356031913583,0.0019051682468975973,0.0008730832336925667,0.0013256156304696897,5.8016952655118814e-05,0.0002568582030954018,0.001276518068300668,0.0013182980504318096,0.0001986774467080137,0.00036257765340642054
moment_y_s55,moment_only,49.64426343505665,0.010327248309988381,0.0538461172319594,0.027633695863645003,0.03995235839626072,0.04502007332004234,0.026857790199179995,applicability_screening,"[0.0, 0.0, 0.0]",0.0021393630342949415,0.002172926689789219,0.0,45.0,15.0,estimate,0.0,0.0,"[0.0, 1.0, 0.0]",0.0015440922756952322,0.0015622727356309422,0.010805351133253047,0.011149652164002776,0.55,0,0.0,0.9744444444444444,0.0,13.436333509162068,15.092648123390973,screening,"{'active_constraints': ['thruster_2', 'group_1'], 'balance_residual_norm': 2.8025365006239155e-17, 'basis_wrench': [0.0, 0.0, 0.0, 0.0, 1.0, 0.0], 'group_totals_n': [0.22386216448045812, 0.02056601608943196], 'lambda_max': 0.02574414891525268, 'lambda_unit': 'N*m', 'thruster_forces_n': [0.0, 0.10164807419551308, 0.10164807419551306, 0.0, 0.01028300804471598, 0.0, 0.0, 0.01028300804471598, 0.0, 0.010283008044715982, 0.010283008044715979, 0.0]}",0.0,0.007121657080389003,0.0453707050329523,0.025138599064768032,0.05353722384986221,0.05540702255276765,0.03347672321204333,0.0006598696421976078,0.001187010394886511,7.130341239614693e-05,0.001558296486980421,0.000633257529770078,0.0009403875691937766,5.84159528913386e-05,0.0002011264926443099,0.0014895069949727967,0.0015133191587998198,0.00022551293962477228,0.00033182730156181033
moment_z_s35,moment_only,47.01010722210636,0.08187697400362103,0.14038205104732712,0.07857652655859021,0.03438893679538564,0.05169086292152075,0.02964774282394088,applicability_screening,"[0.0, 0.0, 0.0]",0.0034617198529725297,0.0037209527671423037,0.0,45.0,15.0,ignore,0.0,0.0,"[0.0, 0.0, 1.0]",0.0014535415637043963,0.0014697612947768416,0.01082143127945707,0.013595385137283793,0.35,0,0.0,0.9933333333333333,0.0,13.528812676668167,15.613733255304394,screening,"{'active_constraints': ['thruster_2', 'group_1', 'group_2'], 'balance_residual_norm': 8.945118861808337e-19, 'basis_wrench': [0.0, 0.0, 0.0, 0.0, 0.0, 1.0], 'group_totals_n': [0.2238621644804581, 0.2238621644804581], 'lambda_max': 0.05148829783050536, 'lambda_unit': 'N*m', 'thruster_forces_n': [0.0, 0.10164807419551308, 0.0, 0.10164807419551308, 0.0, 0.12221409028494501, 0.0, 0.12221409028494501, 0.0, 0.0, 0.0, 0.0]}",0.0,0.08129963764080743,0.1339766020904064,0.07390537388569376,0.043986664425217974,0.06991026304839423,0.03789395178377497,0.0025276550400043173,0.003377702433058254,0.0003542827439726721,0.0010593463020125266,0.0007081810306092448,0.0011464733670821594,5.767569820103262e-05,0.00017306295207873302,0.00015923952954873647,0.00024912438992754656,0.0014173821590085871,0.0014381183944950846
moment_z_s35,moment_only,46.77038108456084,0.01253761616945837,0.049392119206530714,0.026864045724492962,0.02213971839958109,0.0551043664706349,0.031227510699258627,applicability_screening,"[0.0, 0.0, 0.0]",0.0032146149899170604,0.003446461960252003,0.0,45.0,15.0,estimate,0.0,0.0,"[0.0, 0.0, 1.0]",0.0014701691401394874,0.0014868843535704604,0.010807324889912973,0.013249028228606626,0.35,0,0.0,0.9388888888888889,0.0,13.035582844167948,15.203930914867668,screening,"{'active_constraints': ['thruster_2', 'group_1', 'group_2'], 'balance_residual_norm': 8.945118861808337e-19, 'basis_wrench': [0.0, 0.0, 0.0, 0.0, 0.0, 1.0], 'group_totals_n': [0.2238621644804581, 0.2238621644804581], 'lambda_max': 0.05148829783050536, 'lambda_unit': 'N*m', 'thruster_forces_n': [0.0, 0.10164807419551308, 0.0, 0.10164807419551308, 0.0, 0.12221409028494501, 0.0, 0.12221409028494501, 0.0, 0.0, 0.0, 0.0]}",0.0,0.01466257140765318,0.046959091550112915,0.02800857547431829,0.03779297072479382,0.0724526831844405,0.03962148375786245,0.002276212222033586,0.003146147160540947,0.00010380783967268733,0.0008107483094672277,0.0007342500179238476,0.0011500196808664827,0.00021795814999547015,0.00032877269790293533,0.0001270896397823951,0.0002622898665233006,0.0014071436166200344,0.0014261618491340524
moment_z_s55,moment_only,78.26245972480413,0.403757533437608,1.047764295844646,0.4923087714593165,0.1046136450485065,0.22181957368606933,0.10236143871289481,applicability_screening,"[0.0, 0.0, 0.0]",0.0035090751901084415,0.0035893951276726684,0.0,45.0,15.0,ignore,0.0,0.0,"[0.0, 0.0, 1.0]",0.0023965714841193354,0.002417863091401674,0.010236542038597439,0.014191050449817286,0.55,0,0.0,0.8,0.2,15.801833011209965,21.125762665178627,screening,"{'active_constraints': ['thruster_2', 'group_1', 'group_2'], 'balance_residual_norm': 8.945118861808337e-19, 'basis_wrench': [0.0, 0.0, 0.0, 0.0, 0.0, 1.0], 'group_totals_n': [0.2238621644804581, 0.2238621644804581], 'lambda_max': 0.05148829783050536, 'lambda_unit': 'N*m', 'thruster_forces_n': [0.0, 0.10164807419551308, 0.0, 0.10164807419551308, 0.0, 0.12221409028494501, 0.0, 0.12221409028494501, 0.0, 0.0, 0.0, 0.0]}",0.002777777777777778,0.3967828822596411,1.049074431651272,0.4906459209050042,0.1186166858058533,0.23334689044490498,0.10986516810975396,0.0010619253470160151,0.002969207740008063,6.387779628585867e-05,0.0011930462568221784,0.0006687433791660207,0.001626100675948169,-0.00010008833247723464,0.0007846981569253391,0.0002096083778846781,0.0005619420397764128,0.002184256349411094,0.002216874348088398
moment_z_s55,moment_only,73.18523296778298,0.11164550346642971,0.5172472706285464,0.27006214490494385,0.04482208673646294,0.3535271927348442,0.157593437641185,applicability_screening,"[0.0, 0.0, 0.0]",0.0029083705320257923,0.003179548040574889,0.0,45.0,15.0,estimate,0.0,0.0,"[0.0, 0.0, 1.0]",0.002720555429648696,0.002769431721937695,0.010904620427084571,0.010428684362582466,0.55,0,0.0,0.7733333333333333,0.22666666666666666,15.983332879841328,20.203010889235884,screening,"{'active_constraints': ['thruster_2', 'group_1', 'group_2'], 'balance_residual_norm': 8.945118861808337e-19, 'basis_wrench': [0.0, 0.0, 0.0, 0.0, 0.0, 1.0], 'group_totals_n': [0.2238621644804581, 0.2238621644804581], 'lambda_max': 0.05148829783050536, 'lambda_unit': 'N*m', 'thruster_forces_n': [0.0, 0.10164807419551308, 0.0, 0.10164807419551308, 0.0, 0.12221409028494501, 0.0, 0.12221409028494501, 0.0, 0.0, 0.0, 0.0]}",0.0,0.10160432619058793,0.5067644385726634,0.26318901739570333,0.035468868580876375,0.34663228754404724,0.1555918580958758,0.0011098892498558617,0.0015849784384300233,0.0020736426564651883,0.002562301784496091,-1.4838555892505619e-05,0.0010158635032344104,0.0002009289779865377,0.0005040710657221485,0.00041810405176877295,0.00048268411416993825,0.0026279961676341115,0.0026800523258146483
mixed_xy_s35,mixed,35.78580148977371,0.03543218791220701,0.06260448070347237,0.04257010716699229,0.042269268799858956,0.04486589744880825,0.03318346386860716,applicability_screening,"[1.0, 0.0, 0.0]",0.00727520942957945,0.007549039815153383,0.0,45.0,15.0,ignore,0.0,0.0,"[0.0, 1.0, 0.0]",0.0010995882681544857,0.0011183595877852642,0.01080419157572605,0.013972389750320235,0.35,0,0.0,0.9933333333333333,0.0,12.927729054354131,15.647191728930917,screening,"{'active_constraints': ['thruster_3', 'group_1'], 'balance_residual_norm': 4.470089334413614e-17, 'basis_wrench': [1.0, 0.0, 0.0, 0.0, 0.1, 0.0], 'group_totals_n': [0.22386216448045812, 0.12781364197781137], 'lambda_max': 0.16345491374763604, 'lambda_unit': 'N', 'thruster_forces_n': [0.0, 0.04802426125132333, 0.12975171812514139, 0.08172745687381802, 0.023043092551996665, 0.0, 0.0, 0.0230430925519967, 0.0, 0.023043092551996686, 0.023043092551996682, 0.0]}",0.0,0.024984412094627522,0.054429084579206206,0.034362769875405576,0.039594950682705674,0.057122128175348105,0.036758855510557534,0.006462328784114995,0.006679021445945685,0.002357855525634031,0.003289986535609371,0.0007225917005170428,0.0012468613599264675,0.00020789443753864182,0.0002768676812913308,0.0007777909123338843,0.0008653437269654365,0.00058276096110498,0.0006521140152221514
mixed_xy_s35,mixed,32.62141758221489,0.033583486955941315,0.03636026517745379,0.02434885847587298,0.02926817253763855,0.05331084481468757,0.029916657130913894,applicability_screening,"[1.0, 0.0, 0.0]",0.00694891626348008,0.007170137642505329,0.0,45.0,15.0,estimate,0.0,0.0,"[0.0, 1.0, 0.0]",0.0009007556346815918,0.0009263120203264286,0.01078232425930543,0.012976881736633491,0.35,0,0.0,1.0,0.0,12.956958031281829,15.438350301701574,screening,"{'active_constraints': ['thruster_3', 'group_1'], 'balance_residual_norm': 4.470089334413614e-17, 'basis_wrench': [1.0, 0.0, 0.0, 0.0, 0.1, 0.0], 'group_totals_n': [0.22386216448045812, 0.12781364197781137], 'lambda_max': 0.16345491374763604, 'lambda_unit': 'N', 'thruster_forces_n': [0.0, 0.04802426125132333, 0.12975171812514139, 0.08172745687381802, 0.023043092551996665, 0.0, 0.0, 0.0230430925519967, 0.0, 0.023043092551996686, 0.023043092551996682, 0.0]}",0.0,0.04136255407293856,0.04196387934619303,0.027185965109314765,0.036695448318358484,0.06904958310227537,0.036408095388768526,0.006573964789324006,0.006827856692286776,0.0008808376182915599,0.0019918455416354903,0.00035163827276047445,0.0009076332631263525,8.256502098618876e-05,0.00017549412133321246,0.0007094333155314005,0.0007746938189820213,0.00039803329709428976,0.00047655562026878293
mixed_xy_s55,mixed,47.42325837454992,0.06214810645459502,0.09926736885214625,0.06723592652482764,0.03306199597626864,0.0646592129700349,0.04541540542337253,applicability_screening,"[1.0, 0.0, 0.0]",0.008376921675694007,0.008541897083860564,0.0,45.0,15.0,ignore,0.0,0.0,"[0.0, 1.0, 0.0]",0.0011636321799314872,0.001192888846951756,0.010814332099522643,0.012824919017071654,0.55,0,0.0,0.9977777777777778,0.0,13.572582975029945,15.954114671330899,screening,"{'active_constraints': ['thruster_3', 'group_1'], 'balance_residual_norm': 4.470089334413614e-17, 'basis_wrench': [1.0, 0.0, 0.0, 0.0, 0.1, 0.0], 'group_totals_n': [0.22386216448045812, 0.12781364197781137], 'lambda_max': 0.16345491374763604, 'lambda_unit': 'N', 'thruster_forces_n': [0.0, 0.04802426125132333, 0.12975171812514139, 0.08172745687381802, 0.023043092551996665, 0.0, 0.0, 0.0230430925519967, 0.0, 0.023043092551996686, 0.023043092551996682, 0.0]}",0.0,0.05371040679637472,0.08782509178906961,0.05887503082970129,0.023489121217353196,0.06315054021911033,0.045802867298227294,0.008012675757597953,0.008177767178549662,0.0011885307223118936,0.0023589275205481985,0.00025721891441166073,0.000723595686486471,0.00020650206175419744,0.00031295419881339874,0.0008470153244425731,0.0009531266036604191,0.0005937414638443078,0.0006454402745581562
mixed_xy_s55,mixed,46.61074484365861,0.01130886270605953,0.035459294456019884,0.02186141958083578,0.03659068369450519,0.04870288285496174,0.030744011970368634,applicability_screening,"[1.0, 0.0, 0.0]",0.007002266029602889,0.007185842931791321,0.0,45.0,15.0,estimate,0.0,0.0,"[0.0, 1.0, 0.0]",0.0011828289068153315,0.0012130078472452797,0.01074794125694745,0.013284042961416869,0.55,0,0.0,1.0,0.0,13.336916454136372,15.845791669562459,screening,"{'active_constraints': ['thruster_3', 'group_1'], 'balance_residual_norm': 4.470089334413614e-17, 'basis_wrench': [1.0, 0.0, 0.0, 0.0, 0.1, 0.0], 'group_totals_n': [0.22386216448045812, 0.12781364197781137], 'lambda_max': 0.16345491374763604, 'lambda_unit': 'N', 'thruster_forces_n': [0.0, 0.04802426125132333, 0.12975171812514139, 0.08172745687381802, 0.023043092551996665, 0.0, 0.0, 0.0230430925519967, 0.0, 0.023043092551996686, 0.023043092551996682, 0.0]}",0.0,0.014122063735429463,0.029532946875381005,0.020510995985599783,0.04112465900056399,0.053579766583207664,0.03677480160638423,0.006463664295692116,0.006756824418241503,0.00021899233093338578,0.0023173945390996585,-0.0003021177642373432,0.0007818855233227848,5.403819207653549e-05,0.00021145945177537448,0.0009264579372483073,0.0009920529254527262,0.000635469249093751,0.0006652096893718353
mixed_yz_s35,mixed,33.84807428643484,0.055310640984631905,0.06333940835285748,0.04055245858550072,0.025538634577742338,0.05012584540463083,0.03398860940885158,applicability_screening,"[0.0, 1.0, 0.0]",0.008013903516860153,0.0084150254167849,0.0,45.0,15.0,ignore,0.0,0.0,"[0.0, 0.0, 1.0]",0.0011327334405061605,0.0011449772805257566,0.01088546080398458,0.014683223247407824,0.35,0,0.0,0.9966666666666667,0.0,13.050291570834816,18.476075620856136,screening,"{'active_constraints': ['group_1'], 'balance_residual_norm': 2.7864376041598707e-17, 'basis_wrench': [0.0, 1.0, 0.0, 0.0, 0.0, 0.1], 'group_totals_n': [0.22386216448045806, 0.06783701953953274], 'lambda_max': 0.15602514494092531, 'lambda_unit': 'N', 'thruster_forces_n': [0.0, 0.06783701953953274, 0.0, 0.06783701953953274, 0.0, 0.0, 0.07801257247046266, 0.07801257247046267, 0.0, -0.0, -0.0, 0.0]}",0.0,0.06103498986313518,0.06654699661189563,0.04409915114190978,0.03726289484269013,0.0654556706892887,0.04169181244891447,0.002034035839706779,0.0028185265938621223,0.007417694607823539,0.007798486476671317,0.0009135868072355073,0.0014325394507665157,-0.00018802765802576905,0.0002503282011985735,7.627433014447577e-05,0.00025141882214348924,0.001068479306331486,0.0010886217618975033
mixed_yz_s35,mixed,30.272273008661628,0.022059383975243162,0.03035624593952598,0.018414571019245353,0.02754441221459227,0.04129922419998326,0.027020956973281524,applicability_screening,"[0.0, 1.0, 0.0]",0.007509188172105514,0.007771090354348164,0.0,45.0,15.0,estimate,0.0,0.0,"[0.0, 0.0, 1.0]",0.0008343410076344115,0.0008574447593021275,0.010841786890394752,0.013948379794759044,0.35,0,0.0,1.0,0.0,12.703271466307342,14.172531408257782,screening,"{'active_constraints': ['group_1'], 'balance_residual_norm': 2.7864376041598707e-17, 'basis_wrench': [0.0, 1.0, 0.0, 0.0, 0.0, 0.1], 'group_totals_n': [0.22386216448045806, 0.06783701953953274], 'lambda_max': 0.15602514494092531, 'lambda_unit': 'N', 'thruster_forces_n': [0.0, 0.06783701953953274, 0.0, 0.06783701953953274, 0.0, 0.0, 0.07801257247046266, 0.07801257247046267, 0.0, -0.0, -0.0, 0.0]}",0.0,0.028762932582256668,0.036191605275549585,0.024564329683373843,0.04597175061000398,0.05906027782794162,0.037166703476033,0.0015989643410670943,0.00262616039692935,0.006968923251337529,0.00723249317130343,0.0006706514527299881,0.0010881954751294453,-0.00010690824538716211,0.000223908859578733,0.00013348810393471364,0.00024093692504319978,0.0007674860531544802,0.0007918495665260935
mixed_yz_s55,mixed,44.40007206655707,0.04494902804419437,0.06906882627303251,0.04259173212392949,0.042958434620076855,0.06258514387333877,0.03835873971322089,applicability_screening,"[0.0, 1.0, 0.0]",0.009821781602096917,0.010072225595057178,0.0,45.0,15.0,ignore,0.0,0.0,"[0.0, 0.0, 1.0]",0.0011864161409340587,0.0012044600584248041,0.010860530306296662,0.01380890209385022,0.55,0,0.0,0.9955555555555555,0.0,13.659271062351763,20.15136681729927,screening,"{'active_constraints': ['group_1'], 'balance_residual_norm': 2.7864376041598707e-17, 'basis_wrench': [0.0, 1.0, 0.0, 0.0, 0.0, 0.1], 'group_totals_n': [0.22386216448045806, 0.06783701953953274], 'lambda_max': 0.15602514494092531, 'lambda_unit': 'N', 'thruster_forces_n': [0.0, 0.06783701953953274, 0.0, 0.06783701953953274, 0.0, 0.0, 0.07801257247046266, 0.07801257247046267, 0.0, -0.0, -0.0, 0.0]}",0.0,0.04714038355062741,0.07398237373808887,0.04333123954296354,0.0501775851279832,0.072704646869158,0.04415965826285692,0.002480105568753877,0.0030410714443249677,0.00933526995086631,0.009551948665570817,0.00010985307360190854,0.0009807597047881045,-0.00036412139622208777,0.00046481061378355747,0.00010609196122214753,0.0002621185118260571,0.0010112681738514635,0.0010798004498114124
mixed_yz_s55,mixed,44.02760569008384,0.030404765088126305,0.04089954271263392,0.020628915258605555,0.024608456930261438,0.03969670504237502,0.025626542227639503,applicability_screening,"[0.0, 1.0, 0.0]",0.009749748010109482,0.009889075118534338,0.0,45.0,15.0,estimate,0.0,0.0,"[0.0, 0.0, 1.0]",0.001074513918920998,0.0010928547867158816,0.010873717871620768,0.013410933162278963,0.55,0,0.0,1.0,0.0,13.120874995365739,19.55094604054465,screening,"{'active_constraints': ['group_1'], 'balance_residual_norm': 2.7864376041598707e-17, 'basis_wrench': [0.0, 1.0, 0.0, 0.0, 0.0, 0.1], 'group_totals_n': [0.22386216448045806, 0.06783701953953274], 'lambda_max': 0.15602514494092531, 'lambda_unit': 'N', 'thruster_forces_n': [0.0, 0.06783701953953274, 0.0, 0.06783701953953274, 0.0, 0.0, 0.07801257247046266, 0.07801257247046267, 0.0, -0.0, -0.0, 0.0]}",0.0,0.039021417812557524,0.05045026258674842,0.026536874363066915,0.03544561485356722,0.059649908148418536,0.03493542746395833,0.0019314460459073646,0.0029656101699420774,0.009293719844451188,0.009413417357314414,0.00023197424098437538,0.000621720738726604,-0.00021515309135340457,0.00029547091385630073,0.00016431420494727756,0.0002310828633232178,0.000996756286977574,0.001026464433963048
mixed_zx_s35,mixed,43.075639854183734,0.03417961653135045,0.0482357388587352,0.0337347453021951,0.027978818076364088,0.055667275871254335,0.036005197067972894,applicability_screening,"[0.0, 0.0, 1.0]",0.010771814951343748,0.01086554251264068,0.0,45.0,15.0,ignore,0.0,0.0,"[1.0, 0.0, 0.0]",0.0011517689999723279,0.0011603775929739236,0.01077469013314671,0.0167588017686982,0.35,0,0.0,0.9955555555555555,0.0,13.242916553281248,17.093670694157474,screening,"{'active_constraints': ['group_1', 'group_2'], 'balance_residual_norm': 8.821542201644606e-17, 'basis_wrench': [0.0, 0.0, 1.0, 0.1, 0.0, 0.0], 'group_totals_n': [0.22386216448045804, 0.2238621644804581], 'lambda_max': 0.23948045502560628, 'lambda_unit': 'N', 'thruster_forces_n': [0.0, 0.0, 0.0, 0.0, 0.10412193696765495, 0.0, 0.0, 0.10412193696765487, 0.0, 0.0, 0.11974022751280317, 0.11974022751280314]}",0.0,0.0408179784390289,0.05521389580844982,0.035699735495876454,0.030007926577390674,0.06426906595116386,0.0427770054937777,0.0022207604905079507,0.003409528551558643,0.002481546776764703,0.004049816081290121,0.009460268150910585,0.009488631031810245,0.0009481045610869678,0.0009784179509672944,0.00045830392147382473,0.0005341866203415467,0.0001512393782558347,0.00032220975489422103
mixed_zx_s35,mixed,39.452102133004836,0.04137074573598765,0.04989402999815294,0.027437486398896028,0.03780738134934019,0.046748142438770963,0.030506978315831983,applicability_screening,"[0.0, 0.0, 1.0]",0.010386277375139329,0.010445889996710447,0.0,45.0,15.0,estimate,0.0,0.0,"[1.0, 0.0, 0.0]",0.000996938521825905,0.0010157602390759226,0.010740963072967407,0.01549971834674203,0.35,0,0.0,1.0,0.0,12.827459024265409,19.857731531374142,screening,"{'active_constraints': ['group_1', 'group_2'], 'balance_residual_norm': 8.821542201644606e-17, 'basis_wrench': [0.0, 0.0, 1.0, 0.1, 0.0, 0.0], 'group_totals_n': [0.22386216448045804, 0.2238621644804581], 'lambda_max': 0.23948045502560628, 'lambda_unit': 'N', 'thruster_forces_n': [0.0, 0.0, 0.0, 0.0, 0.10412193696765495, 0.0, 0.0, 0.10412193696765487, 0.0, 0.0, 0.11974022751280317, 0.11974022751280314]}",0.0,0.051282215553408866,0.06056001416985979,0.035534107639122264,0.04928943000916068,0.06744094214175829,0.042434682819129495,0.0024043273390443784,0.003519470159050335,0.0011093655341028364,0.002823015981062384,0.009390476681923856,0.00942128061324977,0.0008854717239843629,0.0009177200625506936,0.00035731978830405223,0.0004147726238074313,6.237198543437913e-05,0.0001323722804042651
mixed_zx_s55,mixed,60.444143530194765,0.06866619446592405,0.2183502095957848,0.1183043718750945,0.049469476432224255,0.2438007481307267,0.11621086352038676,applicability_screening,"[0.0, 0.0, 1.0]",0.013286073008027609,0.013318921219076066,0.0,45.0,15.0,ignore,0.0,0.0,"[1.0, 0.0, 0.0]",0.0011882973466436739,0.0011999250768487942,0.010799602229294302,0.014968387342831754,0.55,0,0.0,0.9511111111111111,0.04777777777777778,13.788604526780546,17.378089309204363,screening,"{'active_constraints': ['group_1', 'group_2'], 'balance_residual_norm': 8.821542201644606e-17, 'basis_wrench': [0.0, 0.0, 1.0, 0.1, 0.0, 0.0], 'group_totals_n': [0.22386216448045804, 0.2238621644804581], 'lambda_max': 0.23948045502560628, 'lambda_unit': 'N', 'thruster_forces_n': [0.0, 0.0, 0.0, 0.0, 0.10412193696765495, 0.0, 0.0, 0.10412193696765487, 0.0, 0.0, 0.11974022751280317, 0.11974022751280314]}",0.0,0.060906214638891856,0.21009251691559894,0.11326324310566716,0.061328303592889925,0.24376257635764798,0.11721934407645207,0.0032031236329458893,0.0035748774043649683,0.0030592612927574196,0.003543421426409005,0.01232325082094371,0.012331183178372666,0.0008783117338500497,0.0009193528771675723,0.000543442944536722,0.0006597737037392822,0.00014382709063298705,0.0003991354872075907
mixed_zx_s55,mixed,55.98803134033422,0.03252373331766969,0.053831862792027486,0.032266105501669695,0.03922048328646748,0.05794396036874338,0.035590684617399046,applicability_screening,"[0.0, 0.0, 1.0]",0.012617192240794276,0.012665498179128216,0.0,45.0,15.0,estimate,0.0,0.0,"[1.0, 0.0, 0.0]",0.0011077754014554063,0.0011260124543912683,0.010677177641338152,0.014607147144789097,0.55,0,0.0,0.9955555555555555,0.0,13.432687381282449,16.923183738254,screening,"{'active_constraints': ['group_1', 'group_2'], 'balance_residual_norm': 8.821542201644606e-17, 'basis_wrench': [0.0, 0.0, 1.0, 0.1, 0.0, 0.0], 'group_totals_n': [0.22386216448045804, 0.2238621644804581], 'lambda_max': 0.23948045502560628, 'lambda_unit': 'N', 'thruster_forces_n': [0.0, 0.0, 0.0, 0.0, 0.10412193696765495, 0.0, 0.0, 0.10412193696765487, 0.0, 0.0, 0.11974022751280317, 0.11974022751280314]}",0.0,0.03393632575989675,0.06264861969530003,0.03752718330191303,0.05174465543652859,0.07684975308570616,0.0461940502231159,0.002648035151711782,0.0036580346011059056,0.0018425809507248514,0.0028022677707644516,0.011783326939556795,0.011797496443040234,0.0009179883072881301,0.0009657917649062551,0.00045482879884207664,0.0005140321592102511,6.051970376647027e-05,0.00026631044587314956
